{"stats":{"minecraft:mined":{"minecraft:oak_log":11,"minecraft:sand":1,"minecraft:oak_leaves":1},"minecraft:crafted":{"minecraft:oak_planks":36,"minecraft:crafting_table":1,"minecraft:stick":4,"minecraft:wooden_pickaxe":1,"minecraft:wooden_axe":1},"minecraft:picked_up":{"minecraft:apple":1,"minecraft:sand":1,"minecraft:oak_log":9,"minecraft:oak_sapling":3},"minecraft:custom":{"minecraft:time_since_rest":9596,"minecraft:crouch_one_cm":856,"minecraft:sprint_one_cm":25093,"minecraft:play_time":9596,"minecraft:damage_taken":197,"minecraft:walk_one_cm":11788,"minecraft:sneak_time":372,"minecraft:jump":145,"minecraft:damage_dealt":448,"minecraft:leave_game":3,"minecraft:time_since_death":9596,"minecraft:total_world_time":9596,"minecraft:interact_with_crafting_table":3,"minecraft:fall_one_cm":1463,"minecraft:fly_one_cm":15505,"minecraft:player_kills":2},"minecraft:used":{"minecraft:crafting_table":1}},"DataVersion":3465}