{"stats":{"minecraft:custom":{"minecraft:jump":97,"minecraft:time_since_rest":12490,"minecraft:walk_on_water_one_cm":114,"minecraft:crouch_one_cm":321,"minecraft:leave_game":4,"minecraft:play_time":12490,"minecraft:sprint_one_cm":15179,"minecraft:damage_taken":60,"minecraft:time_since_death":12490,"minecraft:walk_one_cm":10856,"minecraft:sneak_time":391,"minecraft:climb_one_cm":172,"minecraft:total_world_time":12490,"minecraft:fall_one_cm":3881,"minecraft:fly_one_cm":68493},"minecraft:mined":{"minecraft:tall_grass":1}},"DataVersion":3465}