{"stats":{"minecraft:mined":{"minecraft:grass":2,"minecraft:oak_log":10,"minecraft:oak_leaves":2},"minecraft:picked_up":{"minecraft:oak_log":24},"minecraft:killed_by":{"minecraft:player":2},"minecraft:custom":{"minecraft:jump":87,"minecraft:damage_dealt":197,"minecraft:time_since_rest":1098,"minecraft:damage_taken":516,"minecraft:leave_game":4,"minecraft:time_since_death":1073,"minecraft:play_time":8875,"minecraft:sprint_one_cm":145,"minecraft:walk_one_cm":28858,"minecraft:deaths":2,"minecraft:total_world_time":8875,"minecraft:fall_one_cm":2122,"minecraft:fly_one_cm":2747}},"DataVersion":3465}