{"stats":{"minecraft:mined":{"minecraft:grass":2,"minecraft:cherry_log":3},"minecraft:picked_up":{"minecraft:cherry_log":3},"minecraft:custom":{"minecraft:jump":95,"minecraft:damage_taken":768,"minecraft:time_since_rest":5521,"minecraft:leave_game":3,"minecraft:time_since_death":5496,"minecraft:play_time":11901,"minecraft:sprint_one_cm":16403,"minecraft:walk_one_cm":15153,"minecraft:deaths":2,"minecraft:total_world_time":11901,"minecraft:climb_one_cm":996,"minecraft:fall_one_cm":4590,"minecraft:fly_one_cm":13822,"minecraft:damage_dealt":19},"minecraft:killed_by":{"minecraft:player":1,"minecraft:skeleton":1},"minecraft:crafted":{"minecraft:cherry_planks":8},"minecraft:used":{"minecraft:cherry_log":1}},"DataVersion":3465}