{"stats":{"minecraft:picked_up":{"minecraft:oak_log":1,"minecraft:dirt":1},"minecraft:custom":{"minecraft:jump":21,"minecraft:damage_dealt":20,"minecraft:time_since_rest":2107,"minecraft:damage_taken":240,"minecraft:walk_on_water_one_cm":142,"minecraft:sprint_one_cm":5870,"minecraft:play_time":4154,"minecraft:time_since_death":1938,"minecraft:walk_one_cm":4470,"minecraft:sneak_time":78,"minecraft:total_world_time":4154,"minecraft:walk_under_water_one_cm":88,"minecraft:swim_one_cm":592,"minecraft:fly_one_cm":2167,"minecraft:leave_game":1,"minecraft:deaths":1},"minecraft:mined":{"minecraft:grass":1,"minecraft:grass_block":1,"minecraft:oak_log":1},"minecraft:killed_by":{"minecraft:spider":1},"minecraft:used":{"minecraft:oak_log":1,"minecraft:dirt":1}},"DataVersion":3465}