{"stats":{"minecraft:mined":{"minecraft:oak_log":24,"minecraft:stone":18,"minecraft:crafting_table":2},"minecraft:crafted":{"minecraft:stone_sword":1,"minecraft:furnace":1,"minecraft:oak_planks":12,"minecraft:crafting_table":1,"minecraft:stone_axe":1,"minecraft:stick":8,"minecraft:wooden_pickaxe":1,"minecraft:stone_pickaxe":1},"minecraft:killed":{"minecraft:salmon":5},"minecraft:picked_up":{"minecraft:stick":1,"minecraft:crafting_table":2,"minecraft:salmon":4,"minecraft:bread":64,"minecraft:oak_log":24,"minecraft:cobblestone":18},"minecraft:custom":{"minecraft:time_since_rest":6963,"minecraft:crouch_one_cm":86,"minecraft:play_time":6963,"minecraft:sprint_one_cm":17716,"minecraft:damage_taken":70,"minecraft:walk_one_cm":10106,"minecraft:bell_ring":2,"minecraft:sneak_time":253,"minecraft:walk_under_water_one_cm":4269,"minecraft:mob_kills":5,"minecraft:jump":105,"minecraft:damage_dealt":150,"minecraft:walk_on_water_one_cm":5711,"minecraft:time_since_death":6963,"minecraft:total_world_time":6963,"minecraft:climb_one_cm":2170,"minecraft:swim_one_cm":4829,"minecraft:interact_with_crafting_table":4,"minecraft:fall_one_cm":6115,"minecraft:fly_one_cm":23878},"minecraft:used":{"minecraft:stone_axe":14,"minecraft:stone_sword":5,"minecraft:crafting_table":2,"minecraft:bread":2,"minecraft:wooden_pickaxe":18}},"DataVersion":3465}