{"stats":{"minecraft:dropped":{"minecraft:water_bucket":2,"minecraft:wheat_seeds":74,"minecraft:glow_ink_sac":6,"minecraft:apple":7,"minecraft:stick":80,"minecraft:dirt":42,"minecraft:diorite":7,"minecraft:cornflower":2,"minecraft:mutton":1,"minecraft:iron_shovel":1,"minecraft:dandelion":2,"minecraft:bone":1,"minecraft:wheat":2,"minecraft:rotten_flesh":4,"minecraft:poppy":3,"minecraft:andesite":17,"minecraft:black_wool":1},"minecraft:mined":{"minecraft:tuff":126,"minecraft:deepslate_diamond_ore":4,"minecraft:grass_block":379,"minecraft:oxeye_daisy":3,"minecraft:redstone_ore":8,"minecraft:furnace":2,"minecraft:carrots":7,"minecraft:iron_ore":84,"minecraft:andesite":24,"minecraft:pumpkin":25,"minecraft:deepslate_lapis_ore":5,"minecraft:azure_bluet":2,"minecraft:potatoes":7,"minecraft:deepslate_iron_ore":10,"minecraft:stone":108,"minecraft:deepslate_redstone_ore":12,"minecraft:dandelion":23,"minecraft:crafting_table":3,"minecraft:cornflower":3,"minecraft:poppy":3,"minecraft:tall_grass":69,"minecraft:copper_ore":70,"minecraft:cobblestone":14,"minecraft:lapis_ore":10,"minecraft:deepslate_gold_ore":26,"minecraft:sugar_cane":39,"minecraft:oak_planks":1,"minecraft:diorite":4,"minecraft:birch_log":107,"minecraft:wheat":19,"minecraft:birch_leaves":6,"minecraft:grass":1474,"minecraft:oak_log":445,"minecraft:coal_ore":93,"minecraft:sunflower":34,"minecraft:dirt":140,"minecraft:gold_ore":5,"minecraft:oak_leaves":91,"minecraft:deepslate":13},"minecraft:crafted":{"minecraft:oak_planks":68,"minecraft:furnace":4,"minecraft:cooked_mutton":8,"minecraft:bow":1,"minecraft:iron_boots":1,"minecraft:iron_axe":2,"minecraft:iron_hoe":1,"minecraft:stone_pickaxe":1,"minecraft:chest":3,"minecraft:stone_hoe":1,"minecraft:oak_slab":6,"minecraft:cooked_porkchop":13,"minecraft:crafting_table":2,"minecraft:iron_helmet":1,"minecraft:wooden_pickaxe":1,"minecraft:iron_sword":2,"minecraft:bucket":1,"minecraft:stone_axe":1,"minecraft:air":0,"minecraft:iron_chestplate":1,"minecraft:shield":2,"minecraft:stick":28,"minecraft:iron_ingot":93,"minecraft:iron_pickaxe":2,"minecraft:stone_sword":1,"minecraft:iron_leggings":1,"minecraft:iron_shovel":2,"minecraft:gold_ingot":31,"minecraft:white_bed":1,"minecraft:torch":12},"minecraft:killed":{"minecraft:spider":8,"minecraft:skeleton":18,"minecraft:pig":6,"minecraft:salmon":5,"minecraft:creeper":1,"minecraft:sheep":7,"minecraft:zombie":38,"minecraft:glow_squid":3},"minecraft:picked_up":{"minecraft:crafting_table":3,"minecraft:iron_chestplate":5,"minecraft:wheat":20,"minecraft:shield":5,"minecraft:cornflower":2,"minecraft:string":17,"minecraft:raw_copper":1215,"minecraft:iron_axe":1,"minecraft:iron_leggings":1,"minecraft:iron_shovel":1,"minecraft:cobbled_deepslate":16,"minecraft:poppy":3,"minecraft:iron_pickaxe":2,"minecraft:sugar_cane":91,"minecraft:birch_sapling":37,"minecraft:furnace":2,"minecraft:iron_boots":1,"minecraft:egg":3,"minecraft:stick":92,"minecraft:raw_iron":115,"minecraft:porkchop":13,"minecraft:diorite":10,"minecraft:carrot":30,"minecraft:redstone":174,"minecraft:stone_sword":4,"minecraft:arrow":44,"minecraft:rotten_flesh":46,"minecraft:gold_ingot":31,"minecraft:mutton":9,"minecraft:white_wool":4,"minecraft:cobblestone":390,"minecraft:birch_log":107,"minecraft:andesite":38,"minecraft:glow_ink_sac":18,"minecraft:water_bucket":3,"minecraft:salmon":4,"minecraft:potato":31,"minecraft:tuff":124,"minecraft:oak_log":543,"minecraft:lapis_lazuli":186,"minecraft:dirt":546,"minecraft:cooked_mutton":8,"minecraft:bone":36,"minecraft:apple":40,"minecraft:bow":6,"minecraft:wheat_seeds":297,"minecraft:raw_gold":31,"minecraft:stone_pickaxe":2,"minecraft:iron_ingot":49,"minecraft:iron_sword":5,"minecraft:oak_planks":11,"minecraft:cooked_porkchop":9,"minecraft:pumpkin":25,"minecraft:dandelion":2,"minecraft:white_bed":1,"minecraft:spider_eye":1,"minecraft:iron_hoe":1,"minecraft:diamond":8,"minecraft:stone_axe":4,"minecraft:iron_helmet":1,"minecraft:granite":6,"minecraft:gray_wool":1,"minecraft:bread":256,"minecraft:oak_sapling":193,"minecraft:black_wool":3,"minecraft:coal":164,"minecraft:sunflower":17},"minecraft:killed_by":{"minecraft:creeper":3,"minecraft:skeleton":2},"minecraft:custom":{"minecraft:mob_kills":89,"minecraft:animals_bred":1,"minecraft:interact_with_crafting_table":41,"minecraft:bell_ring":2,"minecraft:leave_game":3,"minecraft:time_since_death":43593,"minecraft:climb_one_cm":2170,"minecraft:sprint_one_cm":747607,"minecraft:walk_one_cm":417882,"minecraft:damage_blocked_by_shield":3030,"minecraft:drop":36,"minecraft:play_time":178977,"minecraft:deaths":5,"minecraft:sneak_time":31323,"minecraft:walk_under_water_one_cm":16281,"minecraft:jump":4910,"minecraft:walk_on_water_one_cm":46108,"minecraft:total_world_time":178977,"minecraft:interact_with_furnace":52,"minecraft:sleep_in_bed":8,"minecraft:time_since_rest":2954,"minecraft:damage_taken":4136,"minecraft:damage_dealt":15017,"minecraft:swim_one_cm":55328,"minecraft:fly_one_cm":1045524,"minecraft:open_chest":33,"minecraft:crouch_one_cm":106717,"minecraft:fall_one_cm":161826},"minecraft:broken":{"minecraft:iron_shovel":2,"minecraft:stone_sword":1,"minecraft:stone_hoe":1,"minecraft:wooden_pickaxe":1,"minecraft:stone_pickaxe":1,"minecraft:shield":1,"minecraft:iron_axe":1,"minecraft:stone_axe":1,"minecraft:iron_pickaxe":1},"minecraft:used":{"minecraft:stone_sword":123,"minecraft:iron_shovel":500,"minecraft:chest":3,"minecraft:shield":48,"minecraft:iron_sword":185,"minecraft:stone_hoe":131,"minecraft:iron_chestplate":3,"minecraft:torch":12,"minecraft:dirt":17,"minecraft:carrot":24,"minecraft:tuff":44,"minecraft:iron_hoe":197,"minecraft:iron_axe":444,"minecraft:iron_helmet":1,"minecraft:iron_boots":2,"minecraft:bow":1,"minecraft:furnace":6,"minecraft:egg":3,"minecraft:potato":27,"minecraft:iron_leggings":1,"minecraft:wheat_seeds":194,"minecraft:water_bucket":33,"minecraft:stone_pickaxe":131,"minecraft:wooden_pickaxe":59,"minecraft:sugar_cane":56,"minecraft:oak_slab":4,"minecraft:crafting_table":5,"minecraft:white_bed":2,"minecraft:oak_log":9,"minecraft:bread":64,"minecraft:iron_pickaxe":428,"minecraft:stone_axe":132,"minecraft:cobblestone":86,"minecraft:cooked_porkchop":12,"minecraft:bucket":34}},"DataVersion":3465}