{"stats":{"minecraft:killed":{"minecraft:salmon":5,"minecraft:spider":7,"minecraft:creeper":1,"minecraft:skeleton":15,"minecraft:zombie":33,"minecraft:glow_squid":3},"minecraft:dropped":{"minecraft:wheat_seeds":1},"minecraft:mined":{"minecraft:tuff":21,"minecraft:crafting_table":3,"minecraft:grass_block":2,"minecraft:copper_ore":70,"minecraft:cobblestone":2,"minecraft:lapis_ore":7,"minecraft:deepslate_gold_ore":9,"minecraft:diorite":1,"minecraft:redstone_ore":8,"minecraft:furnace":1,"minecraft:iron_ore":76,"minecraft:andesite":7,"minecraft:grass":5,"minecraft:oak_log":42,"minecraft:coal_ore":91,"minecraft:deepslate_iron_ore":3,"minecraft:stone":96,"minecraft:gold_ore":5,"minecraft:oak_leaves":9,"minecraft:deepslate":2},"minecraft:picked_up":{"minecraft:crafting_table":3,"minecraft:iron_chestplate":4,"minecraft:glow_ink_sac":6,"minecraft:salmon":4,"minecraft:andesite":21,"minecraft:potato":1,"minecraft:tuff":21,"minecraft:oak_log":141,"minecraft:shield":4,"minecraft:lapis_lazuli":46,"minecraft:dirt":2,"minecraft:string":15,"minecraft:raw_copper":1022,"minecraft:bone":31,"minecraft:apple":1,"minecraft:bow":5,"minecraft:wheat_seeds":3,"minecraft:cobbled_deepslate":2,"minecraft:raw_gold":14,"minecraft:stone_pickaxe":2,"minecraft:iron_ingot":4,"minecraft:iron_pickaxe":1,"minecraft:oak_planks":8,"minecraft:iron_sword":3,"minecraft:furnace":1,"minecraft:stick":10,"minecraft:raw_iron":100,"minecraft:diorite":7,"minecraft:white_bed":1,"minecraft:carrot":1,"minecraft:redstone":35,"minecraft:spider_eye":1,"minecraft:stone_sword":4,"minecraft:arrow":23,"minecraft:rotten_flesh":42,"minecraft:stone_axe":4,"minecraft:granite":6,"minecraft:bread":256,"minecraft:coal":129,"minecraft:cobblestone":366},"minecraft:used":{"minecraft:water_bucket":5,"minecraft:stone_sword":123,"minecraft:stone_pickaxe":131,"minecraft:chest":1,"minecraft:wooden_pickaxe":59,"minecraft:shield":45,"minecraft:iron_sword":124,"minecraft:iron_chestplate":3,"minecraft:torch":1,"minecraft:dirt":2,"minecraft:crafting_table":4,"minecraft:white_bed":1,"minecraft:oak_log":4,"minecraft:bread":48,"minecraft:iron_pickaxe":209,"minecraft:iron_helmet":1,"minecraft:iron_boots":1,"minecraft:stone_axe":29,"minecraft:cobblestone":18,"minecraft:bow":1,"minecraft:furnace":2,"minecraft:bucket":6,"minecraft:iron_leggings":1},"minecraft:crafted":{"minecraft:oak_planks":40,"minecraft:crafting_table":2,"minecraft:iron_helmet":1,"minecraft:wooden_pickaxe":1,"minecraft:iron_sword":2,"minecraft:furnace":2,"minecraft:bucket":1,"minecraft:stone_axe":1,"minecraft:air":0,"minecraft:bow":1,"minecraft:iron_boots":1,"minecraft:iron_chestplate":1,"minecraft:shield":2,"minecraft:stick":16,"minecraft:iron_ingot":78,"minecraft:iron_pickaxe":2,"minecraft:stone_pickaxe":1,"minecraft:stone_sword":1,"minecraft:chest":1,"minecraft:iron_leggings":1,"minecraft:torch":12},"minecraft:custom":{"minecraft:interact_with_furnace":33,"minecraft:mob_kills":67,"minecraft:interact_with_crafting_table":25,"minecraft:bell_ring":2,"minecraft:leave_game":1,"minecraft:time_since_death":29822,"minecraft:sleep_in_bed":1,"minecraft:climb_one_cm":2170,"minecraft:time_since_rest":29880,"minecraft:sprint_one_cm":188082,"minecraft:damage_taken":3439,"minecraft:walk_one_cm":144183,"minecraft:damage_blocked_by_shield":2835,"minecraft:drop":1,"minecraft:damage_dealt":11974,"minecraft:swim_one_cm":19616,"minecraft:fly_one_cm":265664,"minecraft:open_chest":4,"minecraft:crouch_one_cm":29852,"minecraft:play_time":68334,"minecraft:deaths":4,"minecraft:sneak_time":10525,"minecraft:walk_under_water_one_cm":13696,"minecraft:jump":1684,"minecraft:walk_on_water_one_cm":31131,"minecraft:total_world_time":68334,"minecraft:fall_one_cm":65160},"minecraft:killed_by":{"minecraft:skeleton":2,"minecraft:creeper":2},"minecraft:broken":{"minecraft:stone_pickaxe":1,"minecraft:stone_sword":1,"minecraft:wooden_pickaxe":1}},"DataVersion":3465}