{"stats":{"minecraft:killed":{"minecraft:salmon":5,"minecraft:spider":6,"minecraft:creeper":1,"minecraft:skeleton":13,"minecraft:zombie":24},"minecraft:mined":{"minecraft:crafting_table":2,"minecraft:grass_block":2,"minecraft:copper_ore":69,"minecraft:cobblestone":2,"minecraft:lapis_ore":2,"minecraft:deepslate_gold_ore":1,"minecraft:diorite":1,"minecraft:iron_ore":63,"minecraft:andesite":7,"minecraft:grass":5,"minecraft:oak_log":42,"minecraft:coal_ore":91,"minecraft:deepslate_iron_ore":1,"minecraft:stone":89,"minecraft:gold_ore":5,"minecraft:oak_leaves":9},"minecraft:picked_up":{"minecraft:crafting_table":2,"minecraft:iron_chestplate":4,"minecraft:salmon":4,"minecraft:andesite":21,"minecraft:oak_log":141,"minecraft:shield":4,"minecraft:lapis_lazuli":13,"minecraft:dirt":2,"minecraft:string":14,"minecraft:raw_copper":1017,"minecraft:bone":30,"minecraft:apple":1,"minecraft:bow":5,"minecraft:wheat_seeds":3,"minecraft:raw_gold":6,"minecraft:stone_pickaxe":2,"minecraft:iron_ingot":4,"minecraft:iron_pickaxe":1,"minecraft:oak_planks":8,"minecraft:iron_sword":3,"minecraft:stick":10,"minecraft:raw_iron":85,"minecraft:diorite":7,"minecraft:white_bed":1,"minecraft:carrot":1,"minecraft:spider_eye":1,"minecraft:stone_sword":4,"minecraft:arrow":19,"minecraft:rotten_flesh":33,"minecraft:stone_axe":4,"minecraft:granite":6,"minecraft:bread":256,"minecraft:coal":129,"minecraft:cobblestone":354},"minecraft:used":{"minecraft:stone_sword":123,"minecraft:stone_pickaxe":131,"minecraft:wooden_pickaxe":59,"minecraft:shield":40,"minecraft:iron_sword":69,"minecraft:iron_chestplate":3,"minecraft:dirt":2,"minecraft:crafting_table":4,"minecraft:white_bed":1,"minecraft:oak_log":4,"minecraft:bread":42,"minecraft:iron_pickaxe":141,"minecraft:iron_helmet":1,"minecraft:iron_boots":1,"minecraft:stone_axe":29,"minecraft:cobblestone":15,"minecraft:furnace":2,"minecraft:iron_leggings":1},"minecraft:crafted":{"minecraft:oak_planks":32,"minecraft:crafting_table":2,"minecraft:iron_helmet":1,"minecraft:wooden_pickaxe":1,"minecraft:iron_sword":1,"minecraft:furnace":2,"minecraft:stone_axe":1,"minecraft:air":0,"minecraft:iron_boots":1,"minecraft:iron_chestplate":1,"minecraft:shield":2,"minecraft:stick":12,"minecraft:iron_ingot":34,"minecraft:iron_pickaxe":1,"minecraft:stone_pickaxe":1,"minecraft:stone_sword":1,"minecraft:iron_leggings":1,"minecraft:torch":12},"minecraft:custom":{"minecraft:interact_with_furnace":23,"minecraft:mob_kills":52,"minecraft:interact_with_crafting_table":17,"minecraft:bell_ring":2,"minecraft:leave_game":1,"minecraft:time_since_death":17822,"minecraft:sleep_in_bed":1,"minecraft:climb_one_cm":2170,"minecraft:time_since_rest":17880,"minecraft:sprint_one_cm":154413,"minecraft:damage_taken":3225,"minecraft:walk_one_cm":123053,"minecraft:damage_blocked_by_shield":2475,"minecraft:damage_dealt":9171,"minecraft:swim_one_cm":9321,"minecraft:fly_one_cm":232921,"minecraft:crouch_one_cm":25741,"minecraft:play_time":56334,"minecraft:deaths":4,"minecraft:sneak_time":9148,"minecraft:walk_under_water_one_cm":7393,"minecraft:jump":1389,"minecraft:walk_on_water_one_cm":23826,"minecraft:total_world_time":56334,"minecraft:fall_one_cm":56834},"minecraft:killed_by":{"minecraft:skeleton":2,"minecraft:creeper":2},"minecraft:broken":{"minecraft:stone_pickaxe":1,"minecraft:stone_sword":1,"minecraft:wooden_pickaxe":1}},"DataVersion":3465}