{"stats":{"minecraft:killed":{"minecraft:zombie":1},"minecraft:custom":{"minecraft:time_since_rest":17127,"minecraft:crouch_one_cm":652,"minecraft:play_time":17127,"minecraft:sprint_one_cm":13724,"minecraft:damage_taken":155,"minecraft:walk_one_cm":15995,"minecraft:sneak_time":184,"minecraft:trigger_trapped_chest":16,"minecraft:mob_kills":2,"minecraft:drop":2,"minecraft:jump":140,"minecraft:damage_dealt":387,"minecraft:leave_game":1,"minecraft:time_since_death":17127,"minecraft:total_world_time":17127,"minecraft:climb_one_cm":1183,"minecraft:fly_one_cm":10602,"minecraft:fall_one_cm":2862},"minecraft:used":{"minecraft:iron_chestplate":1,"minecraft:iron_helmet":1,"minecraft:iron_leggings":1},"minecraft:picked_up":{"minecraft:wheat_seeds":1,"minecraft:lantern":7},"minecraft:dropped":{"minecraft:lantern":7,"minecraft:wheat_seeds":1}},"DataVersion":3465}