{"stats":{"minecraft:killed":{"minecraft:skeleton":2,"minecraft:salmon":5,"minecraft:spider":1},"minecraft:mined":{"minecraft:iron_ore":10,"minecraft:crafting_table":2,"minecraft:oak_log":38,"minecraft:grass_block":2,"minecraft:coal_ore":26,"minecraft:copper_ore":50,"minecraft:stone":62,"minecraft:oak_leaves":9},"minecraft:picked_up":{"minecraft:raw_iron":10,"minecraft:stick":1,"minecraft:crafting_table":2,"minecraft:salmon":4,"minecraft:oak_log":38,"minecraft:white_bed":1,"minecraft:dirt":2,"minecraft:raw_copper":179,"minecraft:bone":1,"minecraft:arrow":1,"minecraft:apple":1,"minecraft:iron_ingot":1,"minecraft:bread":64,"minecraft:coal":26,"minecraft:cobblestone":65},"minecraft:used":{"minecraft:stone_sword":25,"minecraft:stone_pickaxe":89,"minecraft:bread":8,"minecraft:shield":3,"minecraft:wooden_pickaxe":59,"minecraft:stone_axe":29,"minecraft:iron_chestplate":1,"minecraft:crafting_table":3,"minecraft:furnace":1,"minecraft:white_bed":1},"minecraft:crafted":{"minecraft:oak_planks":20,"minecraft:iron_chestplate":1,"minecraft:shield":1,"minecraft:crafting_table":1,"minecraft:stick":8,"minecraft:wooden_pickaxe":1,"minecraft:iron_ingot":9,"minecraft:stone_pickaxe":1,"minecraft:stone_sword":1,"minecraft:furnace":1,"minecraft:stone_axe":1,"minecraft:air":0},"minecraft:custom":{"minecraft:time_since_rest":5354,"minecraft:interact_with_furnace":6,"minecraft:sprint_one_cm":44751,"minecraft:damage_taken":308,"minecraft:walk_one_cm":33931,"minecraft:damage_blocked_by_shield":180,"minecraft:mob_kills":8,"minecraft:damage_dealt":727,"minecraft:swim_one_cm":7887,"minecraft:interact_with_crafting_table":6,"minecraft:fly_one_cm":64025,"minecraft:play_time":20497,"minecraft:crouch_one_cm":9237,"minecraft:bell_ring":2,"minecraft:sneak_time":3646,"minecraft:walk_under_water_one_cm":6495,"minecraft:jump":394,"minecraft:time_since_death":20497,"minecraft:walk_on_water_one_cm":15759,"minecraft:sleep_in_bed":1,"minecraft:total_world_time":20497,"minecraft:climb_one_cm":2170,"minecraft:fall_one_cm":12319},"minecraft:broken":{"minecraft:wooden_pickaxe":1}},"DataVersion":3465}