{"stats":{"minecraft:killed":{"minecraft:skeleton":6,"minecraft:zombie":10,"minecraft:salmon":5,"minecraft:spider":3},"minecraft:mined":{"minecraft:iron_ore":16,"minecraft:grass":5,"minecraft:crafting_table":2,"minecraft:oak_log":42,"minecraft:grass_block":2,"minecraft:coal_ore":40,"minecraft:copper_ore":56,"minecraft:stone":67,"minecraft:oak_leaves":9},"minecraft:picked_up":{"minecraft:iron_chestplate":2,"minecraft:raw_iron":19,"minecraft:stick":4,"minecraft:crafting_table":2,"minecraft:salmon":4,"minecraft:oak_log":108,"minecraft:white_bed":1,"minecraft:shield":2,"minecraft:string":4,"minecraft:spider_eye":1,"minecraft:rotten_flesh":7,"minecraft:dirt":2,"minecraft:stone_sword":2,"minecraft:raw_copper":616,"minecraft:bone":9,"minecraft:arrow":5,"minecraft:apple":1,"minecraft:bow":2,"minecraft:stone_axe":2,"minecraft:wheat_seeds":1,"minecraft:granite":2,"minecraft:iron_ingot":2,"minecraft:stone_pickaxe":2,"minecraft:bread":170,"minecraft:iron_sword":1,"minecraft:oak_planks":6,"minecraft:coal":78,"minecraft:cobblestone":201},"minecraft:used":{"minecraft:oak_log":4,"minecraft:stone_sword":101,"minecraft:stone_pickaxe":120,"minecraft:bread":16,"minecraft:shield":25,"minecraft:wooden_pickaxe":59,"minecraft:stone_axe":29,"minecraft:iron_chestplate":2,"minecraft:dirt":2,"minecraft:cobblestone":4,"minecraft:crafting_table":3,"minecraft:furnace":1,"minecraft:white_bed":1},"minecraft:crafted":{"minecraft:oak_planks":20,"minecraft:iron_chestplate":1,"minecraft:shield":1,"minecraft:crafting_table":1,"minecraft:iron_sword":1,"minecraft:stick":8,"minecraft:wooden_pickaxe":1,"minecraft:iron_ingot":10,"minecraft:stone_pickaxe":1,"minecraft:stone_sword":1,"minecraft:furnace":1,"minecraft:stone_axe":1,"minecraft:air":0},"minecraft:custom":{"minecraft:time_since_rest":2936,"minecraft:interact_with_furnace":9,"minecraft:sprint_one_cm":77851,"minecraft:damage_taken":1539,"minecraft:walk_one_cm":67744,"minecraft:damage_blocked_by_shield":1650,"minecraft:mob_kills":25,"minecraft:damage_dealt":4228,"minecraft:swim_one_cm":7887,"minecraft:interact_with_crafting_table":7,"minecraft:fly_one_cm":113037,"minecraft:deaths":2,"minecraft:play_time":32497,"minecraft:crouch_one_cm":15778,"minecraft:bell_ring":2,"minecraft:sneak_time":6029,"minecraft:walk_under_water_one_cm":6495,"minecraft:jump":734,"minecraft:time_since_death":2875,"minecraft:walk_on_water_one_cm":18339,"minecraft:sleep_in_bed":1,"minecraft:total_world_time":32497,"minecraft:climb_one_cm":2170,"minecraft:fall_one_cm":26510},"minecraft:killed_by":{"minecraft:skeleton":1,"minecraft:creeper":1},"minecraft:broken":{"minecraft:wooden_pickaxe":1}},"DataVersion":3465}