{"stats":{"minecraft:killed":{"minecraft:spider":8,"minecraft:skeleton":18,"minecraft:pig":6,"minecraft:salmon":5,"minecraft:creeper":1,"minecraft:sheep":7,"minecraft:zombie":37,"minecraft:glow_squid":3},"minecraft:dropped":{"minecraft:wheat_seeds":35,"minecraft:stick":5,"minecraft:diorite":7,"minecraft:cornflower":2,"minecraft:mutton":1,"minecraft:dandelion":2,"minecraft:bone":1,"minecraft:rotten_flesh":2,"minecraft:poppy":3,"minecraft:andesite":17,"minecraft:black_wool":1},"minecraft:mined":{"minecraft:tuff":126,"minecraft:deepslate_diamond_ore":4,"minecraft:grass_block":346,"minecraft:oxeye_daisy":3,"minecraft:redstone_ore":8,"minecraft:furnace":2,"minecraft:carrots":3,"minecraft:iron_ore":84,"minecraft:andesite":24,"minecraft:deepslate_lapis_ore":5,"minecraft:azure_bluet":2,"minecraft:potatoes":2,"minecraft:deepslate_iron_ore":10,"minecraft:stone":108,"minecraft:deepslate_redstone_ore":12,"minecraft:dandelion":23,"minecraft:cornflower":3,"minecraft:crafting_table":3,"minecraft:poppy":3,"minecraft:cobblestone":14,"minecraft:copper_ore":70,"minecraft:tall_grass":68,"minecraft:deepslate_gold_ore":26,"minecraft:lapis_ore":10,"minecraft:oak_planks":1,"minecraft:diorite":4,"minecraft:wheat":2,"minecraft:grass":1464,"minecraft:coal_ore":93,"minecraft:oak_log":87,"minecraft:sunflower":34,"minecraft:dirt":134,"minecraft:gold_ore":5,"minecraft:oak_leaves":29,"minecraft:deepslate":13},"minecraft:picked_up":{"minecraft:iron_chestplate":4,"minecraft:crafting_table":3,"minecraft:wheat":2,"minecraft:shield":4,"minecraft:cornflower":2,"minecraft:string":17,"minecraft:raw_copper":1022,"minecraft:cobbled_deepslate":16,"minecraft:poppy":3,"minecraft:iron_pickaxe":1,"minecraft:furnace":2,"minecraft:egg":3,"minecraft:raw_iron":115,"minecraft:stick":14,"minecraft:porkchop":13,"minecraft:diorite":10,"minecraft:carrot":14,"minecraft:redstone":87,"minecraft:stone_sword":4,"minecraft:arrow":26,"minecraft:rotten_flesh":44,"minecraft:mutton":9,"minecraft:white_wool":4,"minecraft:cobblestone":390,"minecraft:glow_ink_sac":6,"minecraft:andesite":38,"minecraft:salmon":4,"minecraft:potato":8,"minecraft:tuff":124,"minecraft:oak_log":185,"minecraft:lapis_lazuli":93,"minecraft:dirt":444,"minecraft:bone":35,"minecraft:apple":2,"minecraft:bow":5,"minecraft:wheat_seeds":215,"minecraft:raw_gold":31,"minecraft:iron_ingot":4,"minecraft:stone_pickaxe":2,"minecraft:iron_sword":3,"minecraft:oak_planks":9,"minecraft:dandelion":2,"minecraft:white_bed":1,"minecraft:spider_eye":1,"minecraft:diamond":4,"minecraft:stone_axe":4,"minecraft:granite":6,"minecraft:gray_wool":1,"minecraft:bread":256,"minecraft:oak_sapling":3,"minecraft:black_wool":3,"minecraft:coal":129,"minecraft:sunflower":17},"minecraft:used":{"minecraft:stone_sword":123,"minecraft:iron_shovel":474,"minecraft:shield":48,"minecraft:chest":2,"minecraft:iron_sword":178,"minecraft:stone_hoe":131,"minecraft:iron_chestplate":3,"minecraft:torch":1,"minecraft:dirt":14,"minecraft:carrot":11,"minecraft:tuff":44,"minecraft:iron_hoe":197,"minecraft:iron_axe":1,"minecraft:iron_helmet":1,"minecraft:iron_boots":1,"minecraft:bow":1,"minecraft:furnace":6,"minecraft:egg":3,"minecraft:potato":8,"minecraft:iron_leggings":1,"minecraft:wheat_seeds":178,"minecraft:water_bucket":17,"minecraft:stone_pickaxe":131,"minecraft:wooden_pickaxe":59,"minecraft:oak_slab":4,"minecraft:crafting_table":5,"minecraft:white_bed":2,"minecraft:oak_log":7,"minecraft:bread":64,"minecraft:iron_pickaxe":428,"minecraft:stone_axe":76,"minecraft:cobblestone":86,"minecraft:cooked_porkchop":3,"minecraft:bucket":18},"minecraft:custom":{"minecraft:mob_kills":88,"minecraft:animals_bred":1,"minecraft:interact_with_crafting_table":37,"minecraft:bell_ring":2,"minecraft:leave_game":1,"minecraft:time_since_death":89822,"minecraft:climb_one_cm":2170,"minecraft:sprint_one_cm":480237,"minecraft:walk_one_cm":339481,"minecraft:damage_blocked_by_shield":3030,"minecraft:drop":16,"minecraft:play_time":128334,"minecraft:deaths":4,"minecraft:sneak_time":22374,"minecraft:walk_under_water_one_cm":14259,"minecraft:jump":3259,"minecraft:walk_on_water_one_cm":38580,"minecraft:total_world_time":128334,"minecraft:interact_with_furnace":52,"minecraft:sleep_in_bed":4,"minecraft:time_since_rest":9517,"minecraft:damage_taken":3832,"minecraft:damage_dealt":14637,"minecraft:swim_one_cm":19789,"minecraft:fly_one_cm":616806,"minecraft:open_chest":22,"minecraft:crouch_one_cm":79953,"minecraft:fall_one_cm":110693},"minecraft:crafted":{"minecraft:oak_planks":60,"minecraft:furnace":4,"minecraft:cooked_mutton":8,"minecraft:bow":1,"minecraft:iron_boots":1,"minecraft:iron_axe":2,"minecraft:iron_hoe":1,"minecraft:stone_pickaxe":1,"minecraft:chest":2,"minecraft:stone_hoe":1,"minecraft:oak_slab":6,"minecraft:cooked_porkchop":13,"minecraft:crafting_table":2,"minecraft:wooden_pickaxe":1,"minecraft:iron_helmet":1,"minecraft:iron_sword":2,"minecraft:bucket":1,"minecraft:stone_axe":1,"minecraft:air":0,"minecraft:iron_chestplate":1,"minecraft:shield":2,"minecraft:stick":28,"minecraft:iron_ingot":93,"minecraft:iron_pickaxe":2,"minecraft:stone_sword":1,"minecraft:iron_leggings":1,"minecraft:iron_shovel":2,"minecraft:gold_ingot":31,"minecraft:white_bed":1,"minecraft:torch":12},"minecraft:killed_by":{"minecraft:creeper":2,"minecraft:skeleton":2},"minecraft:broken":{"minecraft:iron_shovel":1,"minecraft:stone_sword":1,"minecraft:stone_hoe":1,"minecraft:wooden_pickaxe":1,"minecraft:stone_pickaxe":1,"minecraft:shield":1,"minecraft:iron_pickaxe":1}},"DataVersion":3465}