{"stats":{"minecraft:killed":{"minecraft:salmon":5,"minecraft:spider":7,"minecraft:creeper":1,"minecraft:skeleton":16,"minecraft:zombie":36,"minecraft:glow_squid":3},"minecraft:dropped":{"minecraft:wheat_seeds":1,"minecraft:rotten_flesh":2,"minecraft:stick":1,"minecraft:diorite":7,"minecraft:andesite":17},"minecraft:picked_up":{"minecraft:crafting_table":3,"minecraft:iron_chestplate":4,"minecraft:glow_ink_sac":6,"minecraft:salmon":4,"minecraft:andesite":38,"minecraft:potato":1,"minecraft:tuff":122,"minecraft:oak_log":141,"minecraft:shield":4,"minecraft:lapis_lazuli":93,"minecraft:dirt":2,"minecraft:string":15,"minecraft:raw_copper":1022,"minecraft:bone":31,"minecraft:apple":1,"minecraft:bow":5,"minecraft:wheat_seeds":3,"minecraft:cobbled_deepslate":16,"minecraft:raw_gold":31,"minecraft:stone_pickaxe":2,"minecraft:iron_ingot":4,"minecraft:iron_pickaxe":1,"minecraft:oak_planks":8,"minecraft:iron_sword":3,"minecraft:furnace":2,"minecraft:stick":10,"minecraft:raw_iron":115,"minecraft:diorite":10,"minecraft:white_bed":1,"minecraft:carrot":1,"minecraft:redstone":87,"minecraft:spider_eye":1,"minecraft:diamond":4,"minecraft:stone_sword":4,"minecraft:arrow":24,"minecraft:rotten_flesh":44,"minecraft:stone_axe":4,"minecraft:granite":6,"minecraft:bread":256,"minecraft:coal":129,"minecraft:cobblestone":381},"minecraft:mined":{"minecraft:deepslate_redstone_ore":12,"minecraft:tuff":124,"minecraft:deepslate_diamond_ore":4,"minecraft:crafting_table":3,"minecraft:grass_block":2,"minecraft:copper_ore":70,"minecraft:cobblestone":5,"minecraft:lapis_ore":10,"minecraft:deepslate_gold_ore":26,"minecraft:diorite":4,"minecraft:redstone_ore":8,"minecraft:furnace":2,"minecraft:iron_ore":84,"minecraft:andesite":24,"minecraft:deepslate_lapis_ore":5,"minecraft:grass":5,"minecraft:oak_log":42,"minecraft:coal_ore":91,"minecraft:deepslate_iron_ore":10,"minecraft:stone":108,"minecraft:gold_ore":5,"minecraft:oak_leaves":9,"minecraft:deepslate":13},"minecraft:used":{"minecraft:water_bucket":5,"minecraft:stone_sword":123,"minecraft:stone_pickaxe":131,"minecraft:chest":1,"minecraft:wooden_pickaxe":59,"minecraft:shield":48,"minecraft:iron_sword":138,"minecraft:iron_chestplate":3,"minecraft:torch":1,"minecraft:dirt":2,"minecraft:crafting_table":4,"minecraft:white_bed":1,"minecraft:oak_log":4,"minecraft:bread":53,"minecraft:iron_pickaxe":415,"minecraft:iron_helmet":1,"minecraft:iron_boots":1,"minecraft:stone_axe":29,"minecraft:cobblestone":63,"minecraft:bow":1,"minecraft:furnace":3,"minecraft:bucket":6,"minecraft:iron_leggings":1},"minecraft:crafted":{"minecraft:oak_planks":40,"minecraft:crafting_table":2,"minecraft:iron_helmet":1,"minecraft:wooden_pickaxe":1,"minecraft:iron_sword":2,"minecraft:furnace":2,"minecraft:bucket":1,"minecraft:stone_axe":1,"minecraft:air":0,"minecraft:bow":1,"minecraft:iron_boots":1,"minecraft:iron_chestplate":1,"minecraft:shield":2,"minecraft:stick":16,"minecraft:iron_ingot":78,"minecraft:iron_pickaxe":2,"minecraft:stone_pickaxe":1,"minecraft:stone_sword":1,"minecraft:chest":1,"minecraft:iron_leggings":1,"minecraft:torch":12},"minecraft:custom":{"minecraft:interact_with_furnace":33,"minecraft:mob_kills":71,"minecraft:interact_with_crafting_table":25,"minecraft:bell_ring":2,"minecraft:leave_game":1,"minecraft:time_since_death":41822,"minecraft:sleep_in_bed":1,"minecraft:climb_one_cm":2170,"minecraft:time_since_rest":41880,"minecraft:sprint_one_cm":218975,"minecraft:damage_taken":3657,"minecraft:walk_one_cm":164358,"minecraft:damage_blocked_by_shield":3030,"minecraft:drop":5,"minecraft:damage_dealt":12776,"minecraft:swim_one_cm":19616,"minecraft:fly_one_cm":308922,"minecraft:open_chest":7,"minecraft:crouch_one_cm":41332,"minecraft:play_time":80334,"minecraft:deaths":4,"minecraft:sneak_time":14685,"minecraft:walk_under_water_one_cm":13696,"minecraft:jump":2070,"minecraft:walk_on_water_one_cm":34511,"minecraft:total_world_time":80334,"minecraft:fall_one_cm":73316},"minecraft:killed_by":{"minecraft:skeleton":2,"minecraft:creeper":2},"minecraft:broken":{"minecraft:stone_pickaxe":1,"minecraft:shield":1,"minecraft:stone_sword":1,"minecraft:iron_pickaxe":1,"minecraft:wooden_pickaxe":1}},"DataVersion":3465}