{"stats":{"minecraft:custom":{"minecraft:jump":73,"minecraft:time_since_rest":6599,"minecraft:crouch_one_cm":652,"minecraft:sprint_one_cm":12500,"minecraft:play_time":6599,"minecraft:time_since_death":6599,"minecraft:walk_one_cm":9060,"minecraft:sneak_time":176,"minecraft:climb_one_cm":654,"minecraft:total_world_time":6599,"minecraft:fall_one_cm":1335,"minecraft:drop":2,"minecraft:fly_one_cm":8612},"minecraft:picked_up":{"minecraft:wheat_seeds":1,"minecraft:lantern":7},"minecraft:dropped":{"minecraft:lantern":7,"minecraft:wheat_seeds":1}},"DataVersion":3465}