{"stats":{"minecraft:killed":{"minecraft:pig":6,"minecraft:salmon":5,"minecraft:spider":8,"minecraft:creeper":1,"minecraft:sheep":7,"minecraft:skeleton":16,"minecraft:zombie":36,"minecraft:glow_squid":3},"minecraft:dropped":{"minecraft:wheat_seeds":1,"minecraft:rotten_flesh":2,"minecraft:stick":1,"minecraft:diorite":7,"minecraft:mutton":1,"minecraft:andesite":17,"minecraft:black_wool":1},"minecraft:picked_up":{"minecraft:crafting_table":3,"minecraft:iron_chestplate":4,"minecraft:wheat":2,"minecraft:glow_ink_sac":6,"minecraft:salmon":4,"minecraft:andesite":38,"minecraft:potato":4,"minecraft:tuff":124,"minecraft:oak_log":141,"minecraft:shield":4,"minecraft:lapis_lazuli":93,"minecraft:dirt":186,"minecraft:string":17,"minecraft:raw_copper":1022,"minecraft:bone":31,"minecraft:apple":1,"minecraft:bow":5,"minecraft:wheat_seeds":68,"minecraft:cobbled_deepslate":16,"minecraft:raw_gold":31,"minecraft:stone_pickaxe":2,"minecraft:iron_ingot":4,"minecraft:iron_pickaxe":1,"minecraft:oak_planks":9,"minecraft:iron_sword":3,"minecraft:egg":3,"minecraft:furnace":2,"minecraft:stick":10,"minecraft:raw_iron":115,"minecraft:porkchop":13,"minecraft:diorite":10,"minecraft:white_bed":1,"minecraft:carrot":14,"minecraft:redstone":87,"minecraft:spider_eye":1,"minecraft:diamond":4,"minecraft:stone_sword":4,"minecraft:arrow":24,"minecraft:rotten_flesh":44,"minecraft:stone_axe":4,"minecraft:granite":6,"minecraft:gray_wool":1,"minecraft:bread":256,"minecraft:mutton":9,"minecraft:black_wool":3,"minecraft:coal":129,"minecraft:white_wool":4,"minecraft:cobblestone":390,"minecraft:sunflower":17},"minecraft:mined":{"minecraft:deepslate_redstone_ore":12,"minecraft:tuff":126,"minecraft:deepslate_diamond_ore":4,"minecraft:crafting_table":3,"minecraft:grass_block":141,"minecraft:tall_grass":19,"minecraft:copper_ore":70,"minecraft:cobblestone":14,"minecraft:lapis_ore":10,"minecraft:deepslate_gold_ore":26,"minecraft:oak_planks":1,"minecraft:diorite":4,"minecraft:redstone_ore":8,"minecraft:furnace":2,"minecraft:carrots":3,"minecraft:iron_ore":84,"minecraft:wheat":2,"minecraft:andesite":24,"minecraft:deepslate_lapis_ore":5,"minecraft:potatoes":1,"minecraft:grass":372,"minecraft:oak_log":42,"minecraft:coal_ore":93,"minecraft:deepslate_iron_ore":10,"minecraft:sunflower":17,"minecraft:dirt":48,"minecraft:stone":108,"minecraft:gold_ore":5,"minecraft:oak_leaves":9,"minecraft:deepslate":13},"minecraft:used":{"minecraft:wheat_seeds":2,"minecraft:water_bucket":16,"minecraft:stone_sword":123,"minecraft:iron_shovel":184,"minecraft:stone_pickaxe":131,"minecraft:chest":2,"minecraft:wooden_pickaxe":59,"minecraft:shield":48,"minecraft:iron_sword":169,"minecraft:stone_hoe":131,"minecraft:iron_chestplate":3,"minecraft:torch":1,"minecraft:dirt":14,"minecraft:crafting_table":5,"minecraft:carrot":3,"minecraft:white_bed":2,"minecraft:tuff":44,"minecraft:iron_hoe":28,"minecraft:oak_log":4,"minecraft:bread":59,"minecraft:iron_pickaxe":428,"minecraft:iron_helmet":1,"minecraft:iron_boots":1,"minecraft:stone_axe":29,"minecraft:cobblestone":86,"minecraft:bow":1,"minecraft:furnace":6,"minecraft:bucket":17,"minecraft:egg":3,"minecraft:potato":1,"minecraft:iron_leggings":1},"minecraft:crafted":{"minecraft:oak_slab":6,"minecraft:oak_planks":56,"minecraft:cooked_porkchop":13,"minecraft:crafting_table":2,"minecraft:iron_helmet":1,"minecraft:wooden_pickaxe":1,"minecraft:iron_sword":2,"minecraft:furnace":4,"minecraft:bucket":1,"minecraft:stone_axe":1,"minecraft:cooked_mutton":8,"minecraft:air":0,"minecraft:bow":1,"minecraft:iron_boots":1,"minecraft:iron_chestplate":1,"minecraft:shield":2,"minecraft:iron_hoe":1,"minecraft:stick":24,"minecraft:iron_shovel":1,"minecraft:gold_ingot":31,"minecraft:iron_ingot":93,"minecraft:iron_pickaxe":2,"minecraft:stone_pickaxe":1,"minecraft:white_bed":1,"minecraft:stone_sword":1,"minecraft:chest":2,"minecraft:iron_leggings":1,"minecraft:torch":12,"minecraft:stone_hoe":1},"minecraft:custom":{"minecraft:interact_with_furnace":52,"minecraft:mob_kills":85,"minecraft:animals_bred":1,"minecraft:interact_with_crafting_table":35,"minecraft:bell_ring":2,"minecraft:leave_game":1,"minecraft:time_since_death":65822,"minecraft:sleep_in_bed":3,"minecraft:climb_one_cm":2170,"minecraft:time_since_rest":0,"minecraft:sprint_one_cm":314221,"minecraft:damage_taken":3657,"minecraft:walk_one_cm":242681,"minecraft:damage_blocked_by_shield":3030,"minecraft:drop":7,"minecraft:damage_dealt":14116,"minecraft:swim_one_cm":19789,"minecraft:fly_one_cm":482389,"minecraft:open_chest":17,"minecraft:crouch_one_cm":58894,"minecraft:play_time":104334,"minecraft:deaths":4,"minecraft:sneak_time":18343,"minecraft:walk_under_water_one_cm":14259,"minecraft:jump":2733,"minecraft:walk_on_water_one_cm":38207,"minecraft:total_world_time":104334,"minecraft:fall_one_cm":95692},"minecraft:killed_by":{"minecraft:skeleton":2,"minecraft:creeper":2},"minecraft:broken":{"minecraft:stone_pickaxe":1,"minecraft:shield":1,"minecraft:stone_sword":1,"minecraft:iron_pickaxe":1,"minecraft:stone_hoe":1,"minecraft:wooden_pickaxe":1}},"DataVersion":3465}