{"stats":{"minecraft:killed":{"minecraft:salmon":5,"minecraft:spider":5,"minecraft:creeper":1,"minecraft:skeleton":7,"minecraft:zombie":15},"minecraft:mined":{"minecraft:crafting_table":2,"minecraft:grass_block":2,"minecraft:copper_ore":63,"minecraft:cobblestone":2,"minecraft:iron_ore":24,"minecraft:andesite":7,"minecraft:grass":5,"minecraft:coal_ore":40,"minecraft:oak_log":42,"minecraft:stone":69,"minecraft:oak_leaves":9},"minecraft:picked_up":{"minecraft:crafting_table":2,"minecraft:iron_chestplate":4,"minecraft:andesite":21,"minecraft:salmon":4,"minecraft:oak_log":141,"minecraft:shield":4,"minecraft:dirt":2,"minecraft:string":11,"minecraft:raw_copper":993,"minecraft:bone":22,"minecraft:apple":1,"minecraft:bow":4,"minecraft:wheat_seeds":3,"minecraft:stone_pickaxe":2,"minecraft:iron_ingot":4,"minecraft:iron_pickaxe":1,"minecraft:oak_planks":8,"minecraft:iron_sword":3,"minecraft:stick":10,"minecraft:raw_iron":45,"minecraft:diorite":6,"minecraft:white_bed":1,"minecraft:spider_eye":1,"minecraft:stone_sword":4,"minecraft:arrow":9,"minecraft:rotten_flesh":27,"minecraft:stone_axe":4,"minecraft:granite":6,"minecraft:bread":256,"minecraft:coal":78,"minecraft:cobblestone":334},"minecraft:used":{"minecraft:stone_sword":123,"minecraft:stone_pickaxe":131,"minecraft:wooden_pickaxe":59,"minecraft:shield":32,"minecraft:iron_sword":19,"minecraft:iron_chestplate":3,"minecraft:dirt":2,"minecraft:crafting_table":3,"minecraft:white_bed":1,"minecraft:oak_log":4,"minecraft:bread":29,"minecraft:iron_pickaxe":15,"minecraft:stone_axe":29,"minecraft:cobblestone":15,"minecraft:furnace":1},"minecraft:crafted":{"minecraft:oak_planks":20,"minecraft:crafting_table":1,"minecraft:wooden_pickaxe":1,"minecraft:iron_sword":1,"minecraft:furnace":1,"minecraft:stone_axe":1,"minecraft:air":0,"minecraft:iron_chestplate":1,"minecraft:shield":1,"minecraft:stick":12,"minecraft:iron_ingot":18,"minecraft:iron_pickaxe":1,"minecraft:stone_pickaxe":1,"minecraft:stone_sword":1},"minecraft:custom":{"minecraft:interact_with_furnace":14,"minecraft:mob_kills":35,"minecraft:interact_with_crafting_table":9,"minecraft:bell_ring":2,"minecraft:time_since_death":5985,"minecraft:sleep_in_bed":1,"minecraft:climb_one_cm":2170,"minecraft:time_since_rest":6043,"minecraft:sprint_one_cm":122975,"minecraft:damage_taken":2639,"minecraft:walk_one_cm":99557,"minecraft:damage_blocked_by_shield":2055,"minecraft:damage_dealt":6228,"minecraft:swim_one_cm":7887,"minecraft:fly_one_cm":194568,"minecraft:crouch_one_cm":18460,"minecraft:play_time":44497,"minecraft:deaths":4,"minecraft:sneak_time":6874,"minecraft:walk_under_water_one_cm":6495,"minecraft:jump":1083,"minecraft:walk_on_water_one_cm":18339,"minecraft:total_world_time":44497,"minecraft:fall_one_cm":47340},"minecraft:killed_by":{"minecraft:skeleton":2,"minecraft:creeper":2},"minecraft:broken":{"minecraft:stone_pickaxe":1,"minecraft:stone_sword":1,"minecraft:wooden_pickaxe":1}},"DataVersion":3465}