{"stats":{"minecraft:picked_up":{"minecraft:crafting_table":1,"minecraft:oak_log":4},"minecraft:custom":{"minecraft:time_since_rest":22676,"minecraft:crouch_one_cm":2311,"minecraft:play_time":22676,"minecraft:sprint_one_cm":35995,"minecraft:damage_taken":10,"minecraft:walk_one_cm":78867,"minecraft:sneak_time":782,"minecraft:jump":133,"minecraft:time_since_death":22676,"minecraft:total_world_time":22676,"minecraft:fall_one_cm":838,"minecraft:interact_with_crafting_table":3,"minecraft:fly_one_cm":113259},"minecraft:mined":{"minecraft:oak_log":4,"minecraft:crafting_table":1},"minecraft:used":{"minecraft:deepslate_bricks":148,"minecraft:deepslate_tiles":407,"minecraft:wooden_axe":1,"minecraft:reinforced_deepslate":10,"minecraft:infested_mossy_stone_bricks":3,"minecraft:infested_chiseled_stone_bricks":16,"minecraft:infested_cracked_stone_bricks":2,"minecraft:crafting_table":2,"minecraft:cracked_deepslate_bricks":17,"minecraft:grass_block":144,"minecraft:infested_deepslate":8},"minecraft:crafted":{"minecraft:oak_planks":16,"minecraft:crafting_table":1,"minecraft:stick":4,"minecraft:wooden_pickaxe":1,"minecraft:wooden_axe":1}},"DataVersion":3465}