{"stats":{"minecraft:custom":{"minecraft:time_since_rest":24050,"minecraft:crouch_one_cm":1522,"minecraft:play_time":29908,"minecraft:sprint_one_cm":16249,"minecraft:walk_one_cm":54468,"minecraft:deaths":1,"minecraft:sneak_time":1302,"minecraft:jump":93,"minecraft:damage_dealt":29,"minecraft:time_since_death":24020,"minecraft:walk_on_water_one_cm":283,"minecraft:total_world_time":29908,"minecraft:climb_one_cm":436,"minecraft:fly_one_cm":498905},"minecraft:used":{"minecraft:structure_block":29,"minecraft:deepslate_tiles":2,"minecraft:dirt":6,"minecraft:vine":5,"minecraft:grass_block":423},"minecraft:picked_up":{"minecraft:pink_petals":130,"minecraft:stick":15,"minecraft:bee_nest":1,"minecraft:ladder":17,"minecraft:wheat_seeds":2,"minecraft:cherry_sapling":14,"minecraft:lantern":19}},"DataVersion":3465}