{"stats":{"minecraft:killed":{"minecraft:creeper":1},"minecraft:dropped":{"minecraft:cherry_wood":1,"minecraft:polished_diorite_slab":1,"minecraft:soul_lantern":1,"minecraft:chain":1,"minecraft:spruce_log":1,"minecraft:infested_mossy_stone_bricks":1,"minecraft:white_stained_glass":1},"minecraft:mined":{"minecraft:crafting_table":1,"minecraft:oak_log":4},"minecraft:picked_up":{"minecraft:pink_petals":1,"minecraft:stick":9,"minecraft:crafting_table":1,"minecraft:polished_diorite_slab":1,"minecraft:lead":2,"minecraft:amethyst_shard":2,"minecraft:oak_log":4,"minecraft:chain":1,"minecraft:gunpowder":1,"minecraft:spruce_log":1,"minecraft:lantern":6,"minecraft:white_stained_glass":1,"minecraft:soul_lantern":1,"minecraft:cherry_wood":1,"minecraft:cherry_sapling":10,"minecraft:infested_mossy_stone_bricks":1},"minecraft:used":{"minecraft:deepslate_tiles":494,"minecraft:purple_stained_glass":199,"minecraft:wooden_axe":1,"minecraft:lava_bucket":30,"minecraft:cherry_wood":14,"minecraft:cracked_deepslate_bricks":47,"minecraft:lantern":34,"minecraft:grass_block":535,"minecraft:spruce_slab":49,"minecraft:mycelium":5,"minecraft:polished_diorite_slab":4,"minecraft:tinted_glass":3,"minecraft:dark_oak_slab":137,"minecraft:cherry_leaves":32,"minecraft:mud_bricks":4,"minecraft:flowering_azalea_leaves":13,"minecraft:deepslate_bricks":338,"minecraft:soul_lantern":1,"minecraft:reinforced_deepslate":10,"minecraft:infested_mossy_stone_bricks":3,"minecraft:vine":54,"minecraft:infested_chiseled_stone_bricks":16,"minecraft:infested_cracked_stone_bricks":2,"minecraft:crafting_table":2,"minecraft:dark_oak_fence":137,"minecraft:deepslate_tile_stairs":258,"minecraft:white_stained_glass":101,"minecraft:chain":61,"minecraft:deepslate_tile_slab":45,"minecraft:campfire":13,"minecraft:glow_lichen":59,"minecraft:pearlescent_froglight":31,"minecraft:infested_deepslate":8,"minecraft:cherry_log":65,"minecraft:spruce_log":22,"minecraft:mangrove_leaves":176},"minecraft:crafted":{"minecraft:oak_planks":16,"minecraft:crafting_table":1,"minecraft:stick":4,"minecraft:wooden_pickaxe":1,"minecraft:wooden_axe":1},"minecraft:custom":{"minecraft:time_since_rest":88328,"minecraft:sprint_one_cm":96597,"minecraft:damage_taken":10,"minecraft:walk_one_cm":339105,"minecraft:mob_kills":3,"minecraft:drop":7,"minecraft:damage_dealt":440,"minecraft:fly_one_cm":267066,"minecraft:interact_with_crafting_table":3,"minecraft:crouch_one_cm":27064,"minecraft:play_time":88328,"minecraft:sneak_time":7286,"minecraft:jump":521,"minecraft:time_since_death":88328,"minecraft:climb_one_cm":111,"minecraft:total_world_time":88328,"minecraft:fall_one_cm":838}},"DataVersion":3465}