{"stats":{"minecraft:dropped":{"minecraft:polished_diorite_slab":1,"minecraft:soul_lantern":1,"minecraft:chain":1,"minecraft:spruce_log":1,"minecraft:infested_mossy_stone_bricks":1},"minecraft:mined":{"minecraft:crafting_table":1,"minecraft:oak_log":4},"minecraft:picked_up":{"minecraft:crafting_table":1,"minecraft:polished_diorite_slab":1,"minecraft:lead":2,"minecraft:oak_log":4,"minecraft:chain":1,"minecraft:spruce_log":1,"minecraft:soul_lantern":1,"minecraft:infested_mossy_stone_bricks":1},"minecraft:used":{"minecraft:deepslate_tiles":452,"minecraft:wooden_axe":1,"minecraft:cherry_wood":14,"minecraft:cracked_deepslate_bricks":36,"minecraft:lantern":17,"minecraft:grass_block":144,"minecraft:polished_diorite_slab":4,"minecraft:mud_bricks":4,"minecraft:deepslate_bricks":157,"minecraft:soul_lantern":1,"minecraft:reinforced_deepslate":10,"minecraft:infested_mossy_stone_bricks":3,"minecraft:infested_chiseled_stone_bricks":16,"minecraft:infested_cracked_stone_bricks":2,"minecraft:crafting_table":2,"minecraft:deepslate_tile_stairs":83,"minecraft:chain":3,"minecraft:deepslate_tile_slab":36,"minecraft:glow_lichen":34,"minecraft:pearlescent_froglight":28,"minecraft:infested_deepslate":8,"minecraft:cherry_log":63,"minecraft:spruce_log":22},"minecraft:crafted":{"minecraft:oak_planks":16,"minecraft:crafting_table":1,"minecraft:stick":4,"minecraft:wooden_pickaxe":1,"minecraft:wooden_axe":1},"minecraft:custom":{"minecraft:time_since_rest":40328,"minecraft:sprint_one_cm":51815,"minecraft:damage_taken":10,"minecraft:walk_one_cm":144028,"minecraft:mob_kills":2,"minecraft:drop":5,"minecraft:damage_dealt":270,"minecraft:fly_one_cm":138542,"minecraft:interact_with_crafting_table":3,"minecraft:crouch_one_cm":3083,"minecraft:play_time":40328,"minecraft:sneak_time":1135,"minecraft:jump":259,"minecraft:time_since_death":40328,"minecraft:total_world_time":40328,"minecraft:fall_one_cm":838}},"DataVersion":3465}