{"stats":{"minecraft:dropped":{"minecraft:grass_block":1},"minecraft:killed":{"minecraft:pig":1,"minecraft:creeper":1},"minecraft:picked_up":{"minecraft:birch_log":48,"minecraft:pink_petals":587,"minecraft:stick":28,"minecraft:bee_nest":1,"minecraft:ladder":17,"minecraft:porkchop":1,"minecraft:tuff":128,"minecraft:grass_block":1,"minecraft:gunpowder":2,"minecraft:lantern":19,"minecraft:iron_hoe":1,"minecraft:iron_shovel":1,"minecraft:wheat_seeds":4,"minecraft:cherry_sapling":30,"minecraft:oak_sapling":192,"minecraft:birch_sapling":32,"minecraft:iron_sword":1},"minecraft:used":{"minecraft:deepslate_tiles":56,"minecraft:cherry_sapling":1,"minecraft:water_bucket":21,"minecraft:light":2,"minecraft:grass_block":1766,"minecraft:netherite_axe":4,"minecraft:chest":2,"minecraft:structure_block":29,"minecraft:pink_petals":1020,"minecraft:dirt":704,"minecraft:vine":22,"minecraft:deepslate_tile_stairs":1,"minecraft:trapped_chest":7,"minecraft:mangrove_leaves":7},"minecraft:custom":{"minecraft:time_since_rest":87477,"minecraft:sprint_one_cm":65284,"minecraft:walk_one_cm":245587,"minecraft:trigger_trapped_chest":18,"minecraft:mob_kills":2,"minecraft:drop":1,"minecraft:damage_dealt":373,"minecraft:swim_one_cm":28,"minecraft:fly_one_cm":648279,"minecraft:crouch_one_cm":24173,"minecraft:play_time":93335,"minecraft:deaths":1,"minecraft:sneak_time":5858,"minecraft:walk_under_water_one_cm":427,"minecraft:jump":441,"minecraft:leave_game":5,"minecraft:walk_on_water_one_cm":8399,"minecraft:time_since_death":87447,"minecraft:climb_one_cm":866,"minecraft:total_world_time":93335,"minecraft:fall_one_cm":952}},"DataVersion":3465}