{"stats":{"minecraft:killed_by":{"minecraft:skeleton":2,"minecraft:creeper":1},"minecraft:killed":{"minecraft:pig":1,"minecraft:spider":3,"minecraft:creeper":1,"minecraft:skeleton":1,"minecraft:zombie":1},"minecraft:dropped":{"minecraft:bread":1,"minecraft:grass_block":1},"minecraft:mined":{"minecraft:pink_petals":6,"minecraft:grass":4},"minecraft:picked_up":{"minecraft:birch_log":48,"minecraft:pink_petals":633,"minecraft:iron_chestplate":1,"minecraft:bee_nest":1,"minecraft:ladder":18,"minecraft:water_bucket":1,"minecraft:tuff":128,"minecraft:shield":1,"minecraft:gunpowder":2,"minecraft:dirt":15,"minecraft:string":4,"minecraft:lantern":19,"minecraft:iron_axe":1,"minecraft:iron_leggings":1,"minecraft:iron_shovel":1,"minecraft:bone":16,"minecraft:wheat_seeds":4,"minecraft:cobbled_deepslate":32,"minecraft:iron_ingot":16,"minecraft:melon_slice":56,"minecraft:oak_planks":96,"minecraft:chest":1,"minecraft:birch_sapling":32,"minecraft:iron_sword":2,"minecraft:iron_boots":1,"minecraft:stick":28,"minecraft:torch":52,"minecraft:porkchop":1,"minecraft:white_bed":4,"minecraft:grass_block":1,"minecraft:carrot":1,"minecraft:redstone":16,"minecraft:spider_eye":4,"minecraft:mangrove_leaves":1,"minecraft:iron_hoe":1,"minecraft:arrow":2,"minecraft:diamond":1,"minecraft:iron_helmet":1,"minecraft:cherry_sapling":30,"minecraft:golden_apple":1,"minecraft:emerald":4,"minecraft:gold_ingot":10,"minecraft:bread":51,"minecraft:oak_sapling":192,"minecraft:obsidian":18,"minecraft:diamond_pickaxe":1},"minecraft:used":{"minecraft:mangrove_leaves":7,"minecraft:cherry_sapling":1,"minecraft:water_bucket":21,"minecraft:ladder":1,"minecraft:chest":2,"minecraft:iron_sword":10,"minecraft:structure_block":29,"minecraft:dirt":704,"minecraft:vine":22,"minecraft:deepslate_tiles":56,"minecraft:light":2,"minecraft:iron_axe":3,"minecraft:grass_block":1766,"minecraft:bread":4,"minecraft:netherite_axe":4,"minecraft:pink_petals":1020,"minecraft:deepslate_tile_stairs":1,"minecraft:trapped_chest":7},"minecraft:custom":{"minecraft:mob_kills":8,"minecraft:leave_game":11,"minecraft:time_since_death":9961,"minecraft:climb_one_cm":1897,"minecraft:time_since_rest":10027,"minecraft:sprint_one_cm":101500,"minecraft:damage_taken":1142,"minecraft:walk_one_cm":270999,"minecraft:trigger_trapped_chest":18,"minecraft:drop":2,"minecraft:damage_dealt":1586,"minecraft:swim_one_cm":28,"minecraft:fly_one_cm":694135,"minecraft:player_kills":1,"minecraft:crouch_one_cm":24764,"minecraft:play_time":114032,"minecraft:deaths":4,"minecraft:sneak_time":5997,"minecraft:walk_under_water_one_cm":427,"minecraft:jump":603,"minecraft:walk_on_water_one_cm":8399,"minecraft:total_world_time":114032,"minecraft:fall_one_cm":5132}},"DataVersion":3465}