{"stats":{"minecraft:dropped":{"minecraft:cherry_wood":3,"minecraft:spruce_sign":1,"minecraft:polished_diorite_slab":2,"minecraft:dark_oak_slab":1,"minecraft:soul_lantern":1,"minecraft:lead":1,"minecraft:lantern":11,"minecraft:infested_mossy_stone_bricks":2,"minecraft:stick":2,"minecraft:deepslate_bricks":1,"minecraft:deepslate_tile_stairs":1,"minecraft:deepslate_tiles":1,"minecraft:gunpowder":2,"minecraft:dark_oak_fence":2,"minecraft:wooden_axe":1,"minecraft:chain":1,"minecraft:amethyst_shard":4,"minecraft:spruce_log":1,"minecraft:campfire":1,"minecraft:wooden_pickaxe":3,"minecraft:white_stained_glass":1},"minecraft:mined":{"minecraft:crafting_table":1,"minecraft:grass_block":1,"minecraft:pink_petals":1,"minecraft:spore_blossom":1,"minecraft:oak_log":4},"minecraft:crafted":{"minecraft:oak_planks":16,"minecraft:crafting_table":1,"minecraft:wooden_pickaxe":1,"minecraft:stick":4,"minecraft:wooden_axe":1},"minecraft:killed":{"minecraft:creeper":1,"minecraft:zombie":1},"minecraft:picked_up":{"minecraft:pink_petals":3,"minecraft:crafting_table":1,"minecraft:polished_diorite_slab":2,"minecraft:lead":3,"minecraft:wooden_pickaxe":3,"minecraft:oak_log":4,"minecraft:chain":1,"minecraft:gunpowder":3,"minecraft:dirt":1,"minecraft:lantern":17,"minecraft:white_stained_glass":1,"minecraft:pearlescent_froglight":1,"minecraft:deepslate_tiles":1,"minecraft:spore_blossom":1,"minecraft:chest":1,"minecraft:infested_mossy_stone_bricks":2,"minecraft:stick":11,"minecraft:dark_oak_slab":2,"minecraft:amethyst_shard":8,"minecraft:spruce_log":1,"minecraft:deepslate_tile_stairs":2,"minecraft:dark_oak_log":1,"minecraft:barrel":1,"minecraft:rotten_flesh":4,"minecraft:campfire":1,"minecraft:soul_lantern":1,"minecraft:cherry_wood":3,"minecraft:deepslate_bricks":2,"minecraft:cherry_sapling":10,"minecraft:spruce_sign":1,"minecraft:deepslate_brick_stairs":1,"minecraft:dark_oak_fence":2,"minecraft:wooden_axe":1},"minecraft:killed_by":{"minecraft:zombie":1},"minecraft:custom":{"minecraft:mob_kills":4,"minecraft:interact_with_crafting_table":3,"minecraft:open_barrel":6,"minecraft:leave_game":1,"minecraft:time_since_death":2208,"minecraft:climb_one_cm":3747,"minecraft:time_since_rest":2229,"minecraft:sprint_one_cm":133150,"minecraft:damage_taken":450,"minecraft:walk_one_cm":473752,"minecraft:drop":40,"minecraft:damage_dealt":681,"minecraft:talked_to_villager":4,"minecraft:fly_one_cm":381730,"minecraft:open_chest":4,"minecraft:crouch_one_cm":44323,"minecraft:play_time":125711,"minecraft:deaths":1,"minecraft:sneak_time":11833,"minecraft:jump":628,"minecraft:walk_on_water_one_cm":813,"minecraft:total_world_time":125711,"minecraft:fall_one_cm":1666},"minecraft:used":{"minecraft:water_bucket":96,"minecraft:cherry_wood":14,"minecraft:cracked_deepslate_bricks":58,"minecraft:spruce_slab":49,"minecraft:ladder":8,"minecraft:polished_diorite_slab":4,"minecraft:mycelium":5,"minecraft:chest":40,"minecraft:tinted_glass":3,"minecraft:deepslate_bricks":425,"minecraft:dirt":1,"minecraft:vine":54,"minecraft:infested_chiseled_stone_bricks":16,"minecraft:crafting_table":2,"minecraft:deepslate_brick_slab":5,"minecraft:deepslate_tile_slab":55,"minecraft:campfire":13,"minecraft:glow_lichen":59,"minecraft:infested_deepslate":8,"minecraft:spruce_log":41,"minecraft:deepslate_brick_stairs":108,"minecraft:deepslate_tiles":496,"minecraft:purple_stained_glass":199,"minecraft:wooden_axe":1,"minecraft:lava_bucket":33,"minecraft:bookshelf":3,"minecraft:lantern":44,"minecraft:grass_block":536,"minecraft:spore_blossom":1,"minecraft:dark_oak_slab":154,"minecraft:cherry_leaves":36,"minecraft:mud_bricks":4,"minecraft:flowering_azalea_leaves":13,"minecraft:barrel":37,"minecraft:soul_lantern":1,"minecraft:pink_petals":3,"minecraft:reinforced_deepslate":10,"minecraft:infested_mossy_stone_bricks":3,"minecraft:infested_cracked_stone_bricks":2,"minecraft:deepslate_tile_stairs":262,"minecraft:dark_oak_fence":163,"minecraft:white_stained_glass":101,"minecraft:chain":61,"minecraft:bucket":15,"minecraft:pearlescent_froglight":31,"minecraft:cherry_log":68,"minecraft:mangrove_leaves":177}},"DataVersion":3465}