{"stats":{"minecraft:dropped":{"minecraft:cherry_wood":3,"minecraft:bread":385,"minecraft:spruce_sign":1,"minecraft:polished_diorite_slab":2,"minecraft:dark_oak_slab":1,"minecraft:soul_lantern":1,"minecraft:lead":1,"minecraft:lantern":11,"minecraft:infested_mossy_stone_bricks":2,"minecraft:stick":2,"minecraft:deepslate_bricks":1,"minecraft:deepslate_tile_stairs":1,"minecraft:deepslate_tiles":1,"minecraft:gunpowder":2,"minecraft:dark_oak_fence":2,"minecraft:wooden_axe":1,"minecraft:chain":1,"minecraft:amethyst_shard":4,"minecraft:spruce_log":1,"minecraft:wooden_pickaxe":4,"minecraft:campfire":1,"minecraft:white_stained_glass":1},"minecraft:mined":{"minecraft:white_bed":7,"minecraft:glass_pane":1,"minecraft:brewing_stand":2,"minecraft:crafting_table":3,"minecraft:torch":1,"minecraft:blast_furnace":1,"minecraft:grass_block":1,"minecraft:cobblestone":5,"minecraft:wall_torch":2,"minecraft:pink_petals":1,"minecraft:hay_block":87,"minecraft:spore_blossom":1,"minecraft:furnace":2,"minecraft:wheat":3,"minecraft:grass":12,"minecraft:oak_log":16,"minecraft:oak_leaves":2},"minecraft:crafted":{"minecraft:oak_planks":64,"minecraft:crafting_table":3,"minecraft:wooden_pickaxe":2,"minecraft:bread":262,"minecraft:wooden_hoe":1,"minecraft:shield":1,"minecraft:stick":20,"minecraft:iron_pickaxe":1,"minecraft:stone_pickaxe":1,"minecraft:wooden_axe":1,"minecraft:wheat":783},"minecraft:killed":{"minecraft:iron_golem":1,"minecraft:creeper":1,"minecraft:zombie":1},"minecraft:picked_up":{"minecraft:pink_petals":3,"minecraft:iron_chestplate":1,"minecraft:crafting_table":3,"minecraft:wheat":3,"minecraft:polished_diorite_slab":2,"minecraft:lead":3,"minecraft:wooden_pickaxe":3,"minecraft:brewing_stand":2,"minecraft:oak_log":16,"minecraft:chain":1,"minecraft:gunpowder":3,"minecraft:dirt":1,"minecraft:lantern":17,"minecraft:white_stained_glass":1,"minecraft:bone":2,"minecraft:pearlescent_froglight":1,"minecraft:deepslate_tiles":1,"minecraft:wheat_seeds":9,"minecraft:spore_blossom":1,"minecraft:iron_ingot":5,"minecraft:poppy":2,"minecraft:egg":1,"minecraft:chest":1,"minecraft:infested_mossy_stone_bricks":2,"minecraft:furnace":2,"minecraft:stick":11,"minecraft:dark_oak_slab":2,"minecraft:torch":3,"minecraft:amethyst_shard":8,"minecraft:carrot":1,"minecraft:blast_furnace":1,"minecraft:white_bed":7,"minecraft:spruce_log":1,"minecraft:deepslate_tile_stairs":2,"minecraft:dark_oak_log":1,"minecraft:barrel":1,"minecraft:arrow":2,"minecraft:rotten_flesh":4,"minecraft:campfire":1,"minecraft:soul_lantern":1,"minecraft:hay_block":87,"minecraft:deepslate_bricks":2,"minecraft:cherry_wood":3,"minecraft:cherry_sapling":10,"minecraft:bread":193,"minecraft:spruce_sign":1,"minecraft:deepslate_brick_stairs":1,"minecraft:dark_oak_fence":2,"minecraft:cobblestone":3,"minecraft:wooden_axe":1},"minecraft:killed_by":{"minecraft:zombie":1},"minecraft:custom":{"minecraft:mob_kills":6,"minecraft:interact_with_crafting_table":10,"minecraft:open_barrel":8,"minecraft:bell_ring":9,"minecraft:leave_game":2,"minecraft:time_since_death":25313,"minecraft:sleep_in_bed":2,"minecraft:climb_one_cm":5029,"minecraft:time_since_rest":8199,"minecraft:sprint_one_cm":212000,"minecraft:damage_taken":776,"minecraft:walk_one_cm":535432,"minecraft:drop":48,"minecraft:damage_dealt":816,"minecraft:swim_one_cm":2198,"minecraft:talked_to_villager":4,"minecraft:fly_one_cm":437439,"minecraft:open_chest":7,"minecraft:crouch_one_cm":44669,"minecraft:play_time":148816,"minecraft:deaths":1,"minecraft:sneak_time":12042,"minecraft:walk_under_water_one_cm":44,"minecraft:jump":885,"minecraft:walk_on_water_one_cm":1473,"minecraft:total_world_time":148816,"minecraft:fall_one_cm":8064},"minecraft:broken":{"minecraft:wooden_hoe":1},"minecraft:used":{"minecraft:water_bucket":96,"minecraft:cherry_wood":14,"minecraft:cracked_deepslate_bricks":58,"minecraft:spruce_slab":49,"minecraft:ladder":8,"minecraft:polished_diorite_slab":4,"minecraft:mycelium":5,"minecraft:chest":40,"minecraft:wooden_pickaxe":18,"minecraft:tinted_glass":3,"minecraft:deepslate_bricks":426,"minecraft:dirt":1,"minecraft:vine":54,"minecraft:infested_chiseled_stone_bricks":16,"minecraft:crafting_table":6,"minecraft:white_bed":2,"minecraft:deepslate_brick_slab":5,"minecraft:deepslate_tile_slab":55,"minecraft:campfire":13,"minecraft:glow_lichen":59,"minecraft:infested_deepslate":8,"minecraft:spruce_log":41,"minecraft:deepslate_brick_stairs":108,"minecraft:deepslate_tiles":496,"minecraft:purple_stained_glass":199,"minecraft:wooden_axe":1,"minecraft:wooden_hoe":62,"minecraft:lava_bucket":33,"minecraft:bookshelf":3,"minecraft:bread":9,"minecraft:lantern":44,"minecraft:grass_block":536,"minecraft:spore_blossom":1,"minecraft:dark_oak_slab":154,"minecraft:cherry_leaves":36,"minecraft:mud_bricks":4,"minecraft:flowering_azalea_leaves":13,"minecraft:barrel":37,"minecraft:soul_lantern":1,"minecraft:pink_petals":3,"minecraft:reinforced_deepslate":10,"minecraft:infested_mossy_stone_bricks":3,"minecraft:infested_cracked_stone_bricks":2,"minecraft:deepslate_tile_stairs":262,"minecraft:dark_oak_fence":163,"minecraft:white_stained_glass":101,"minecraft:chain":61,"minecraft:bucket":15,"minecraft:egg":1,"minecraft:pearlescent_froglight":32,"minecraft:cherry_log":68,"minecraft:mangrove_leaves":177}},"DataVersion":3465}