{"stats":{"minecraft:killed":{"minecraft:pig":1,"minecraft:creeper":1},"minecraft:custom":{"minecraft:time_since_rest":60050,"minecraft:sprint_one_cm":39115,"minecraft:walk_one_cm":184489,"minecraft:trigger_trapped_chest":18,"minecraft:mob_kills":2,"minecraft:drop":1,"minecraft:damage_dealt":373,"minecraft:fly_one_cm":595791,"minecraft:crouch_one_cm":12315,"minecraft:play_time":65908,"minecraft:deaths":1,"minecraft:sneak_time":3411,"minecraft:walk_under_water_one_cm":427,"minecraft:jump":262,"minecraft:walk_on_water_one_cm":5314,"minecraft:time_since_death":60020,"minecraft:climb_one_cm":436,"minecraft:total_world_time":65908},"minecraft:used":{"minecraft:deepslate_tiles":4,"minecraft:water_bucket":17,"minecraft:light":2,"minecraft:grass_block":1722,"minecraft:netherite_axe":4,"minecraft:structure_block":29,"minecraft:pink_petals":522,"minecraft:dirt":6,"minecraft:vine":5,"minecraft:deepslate_tile_stairs":1,"minecraft:trapped_chest":7},"minecraft:dropped":{"minecraft:grass_block":1},"minecraft:picked_up":{"minecraft:birch_log":48,"minecraft:pink_petals":417,"minecraft:stick":28,"minecraft:bee_nest":1,"minecraft:ladder":17,"minecraft:porkchop":1,"minecraft:tuff":128,"minecraft:grass_block":1,"minecraft:gunpowder":2,"minecraft:lantern":19,"minecraft:iron_hoe":1,"minecraft:iron_shovel":1,"minecraft:wheat_seeds":3,"minecraft:cherry_sapling":30,"minecraft:oak_sapling":192,"minecraft:birch_sapling":32,"minecraft:iron_sword":1}},"DataVersion":3465}