{"stats":{"minecraft:picked_up":{"minecraft:crafting_table":1,"minecraft:oak_log":4},"minecraft:custom":{"minecraft:jump":31,"minecraft:time_since_rest":4676,"minecraft:damage_taken":10,"minecraft:sprint_one_cm":3637,"minecraft:play_time":4676,"minecraft:time_since_death":4676,"minecraft:walk_one_cm":9285,"minecraft:sneak_time":125,"minecraft:total_world_time":4676,"minecraft:interact_with_crafting_table":1,"minecraft:fall_one_cm":838,"minecraft:fly_one_cm":57875},"minecraft:mined":{"minecraft:oak_log":4,"minecraft:crafting_table":1},"minecraft:used":{"minecraft:wooden_axe":1,"minecraft:crafting_table":2},"minecraft:crafted":{"minecraft:crafting_table":1,"minecraft:oak_planks":16,"minecraft:stick":4,"minecraft:wooden_pickaxe":1,"minecraft:wooden_axe":1}},"DataVersion":3465}