{"stats":{"minecraft:custom":{"minecraft:time_since_rest":48050,"minecraft:crouch_one_cm":5193,"minecraft:play_time":53908,"minecraft:sprint_one_cm":19018,"minecraft:walk_one_cm":104214,"minecraft:deaths":1,"minecraft:sneak_time":2187,"minecraft:trigger_trapped_chest":18,"minecraft:walk_under_water_one_cm":427,"minecraft:drop":1,"minecraft:jump":170,"minecraft:damage_dealt":29,"minecraft:time_since_death":48020,"minecraft:walk_on_water_one_cm":2943,"minecraft:total_world_time":53908,"minecraft:climb_one_cm":436,"minecraft:fly_one_cm":536107},"minecraft:used":{"minecraft:structure_block":29,"minecraft:deepslate_tiles":4,"minecraft:water_bucket":12,"minecraft:light":2,"minecraft:dirt":6,"minecraft:vine":5,"minecraft:deepslate_tile_stairs":1,"minecraft:grass_block":798,"minecraft:trapped_chest":7,"minecraft:pink_petals":200},"minecraft:dropped":{"minecraft:grass_block":1},"minecraft:picked_up":{"minecraft:iron_hoe":1,"minecraft:pink_petals":291,"minecraft:stick":28,"minecraft:bee_nest":1,"minecraft:iron_shovel":1,"minecraft:ladder":17,"minecraft:wheat_seeds":2,"minecraft:cherry_sapling":30,"minecraft:tuff":128,"minecraft:grass_block":1,"minecraft:oak_sapling":192,"minecraft:birch_sapling":32,"minecraft:iron_sword":1,"minecraft:birch_log":48,"minecraft:lantern":19}},"DataVersion":3465}