{"stats":{"minecraft:killed":{"minecraft:spider":2,"minecraft:skeleton":1,"minecraft:iron_golem":1,"minecraft:creeper":1,"minecraft:zombie":3},"minecraft:dropped":{"minecraft:spruce_sign":1,"minecraft:bread":442,"minecraft:wheat_seeds":12,"minecraft:oak_log":11,"minecraft:dark_oak_slab":1,"minecraft:feather":5,"minecraft:cobblestone":5,"minecraft:lead":1,"minecraft:lantern":11,"minecraft:coal":13,"minecraft:emerald":2,"minecraft:stick":15,"minecraft:deepslate_tile_stairs":1,"minecraft:dirt":4,"minecraft:diorite":4,"minecraft:dark_oak_fence":2,"minecraft:mutton":1,"minecraft:wooden_axe":1,"minecraft:iron_leggings":1,"minecraft:chain":1,"minecraft:amethyst_shard":4,"minecraft:white_wool":3,"minecraft:cherry_wood":3,"minecraft:stone_axe":1,"minecraft:polished_diorite_slab":2,"minecraft:stone_sword":1,"minecraft:soul_lantern":1,"minecraft:infested_mossy_stone_bricks":2,"minecraft:white_bed":5,"minecraft:deepslate_bricks":1,"minecraft:poppy":6,"minecraft:deepslate_tiles":1,"minecraft:gunpowder":2,"minecraft:iron_chestplate":1,"minecraft:oak_sapling":2,"minecraft:spider_eye":1,"minecraft:spruce_log":1,"minecraft:wooden_pickaxe":5,"minecraft:arrow":2,"minecraft:campfire":1,"minecraft:stone_pickaxe":2,"minecraft:white_stained_glass":1},"minecraft:mined":{"minecraft:diamond_ore":1,"minecraft:white_bed":10,"minecraft:deepslate_diamond_ore":3,"minecraft:brewing_stand":2,"minecraft:grass_block":35,"minecraft:spawner":1,"minecraft:hay_block":87,"minecraft:spore_blossom":1,"minecraft:furnace":5,"minecraft:iron_ore":16,"minecraft:deepslate_iron_ore":22,"minecraft:stone":97,"minecraft:deepslate_redstone_ore":8,"minecraft:glass_pane":1,"minecraft:crafting_table":6,"minecraft:torch":8,"minecraft:blast_furnace":1,"minecraft:tall_grass":7,"minecraft:cobblestone":10,"minecraft:deepslate_gold_ore":9,"minecraft:oak_planks":1,"minecraft:diorite":2,"minecraft:wall_torch":14,"minecraft:pink_petals":1,"minecraft:wheat":3,"minecraft:grass":22,"minecraft:oak_log":16,"minecraft:coal_ore":15,"minecraft:dirt":2,"minecraft:gold_ore":1,"minecraft:oak_leaves":2,"minecraft:deepslate":35},"minecraft:picked_up":{"minecraft:wooden_axe":1,"minecraft:crafting_table":7,"minecraft:iron_chestplate":3,"minecraft:wheat":3,"minecraft:lead":3,"minecraft:wooden_pickaxe":4,"minecraft:chain":1,"minecraft:brewing_stand":4,"minecraft:shield":1,"minecraft:string":12,"minecraft:iron_axe":1,"minecraft:iron_leggings":2,"minecraft:white_stained_glass":1,"minecraft:oak_sign":3,"minecraft:deepslate_tiles":1,"minecraft:cobbled_deepslate":62,"minecraft:poppy":6,"minecraft:iron_pickaxe":2,"minecraft:chest":1,"minecraft:furnace":7,"minecraft:infested_mossy_stone_bricks":2,"minecraft:egg":1,"minecraft:iron_boots":1,"minecraft:stick":18,"minecraft:raw_iron":38,"minecraft:torch":56,"minecraft:diorite":4,"minecraft:carrot":2,"minecraft:redstone":72,"minecraft:deepslate_tile_stairs":2,"minecraft:stone_sword":1,"minecraft:arrow":4,"minecraft:rotten_flesh":4,"minecraft:deepslate_bricks":2,"minecraft:hay_block":87,"minecraft:saddle":1,"minecraft:gold_ingot":10,"minecraft:deepslate_brick_stairs":1,"minecraft:mutton":1,"minecraft:white_wool":3,"minecraft:cobblestone":112,"minecraft:pink_petals":3,"minecraft:polished_diorite_slab":2,"minecraft:feather":5,"minecraft:oak_log":27,"minecraft:gunpowder":3,"minecraft:dirt":63,"minecraft:lantern":17,"minecraft:bone":14,"minecraft:pearlescent_froglight":1,"minecraft:bow":1,"minecraft:wheat_seeds":20,"minecraft:raw_gold":10,"minecraft:spore_blossom":1,"minecraft:stone_pickaxe":2,"minecraft:iron_ingot":20,"minecraft:iron_sword":1,"minecraft:oak_planks":95,"minecraft:dark_oak_slab":2,"minecraft:amethyst_shard":8,"minecraft:blast_furnace":2,"minecraft:white_bed":17,"minecraft:spruce_log":1,"minecraft:barrel":1,"minecraft:dark_oak_log":1,"minecraft:spider_eye":2,"minecraft:pumpkin_seeds":2,"minecraft:stone_axe":1,"minecraft:diamond":8,"minecraft:campfire":1,"minecraft:soul_lantern":1,"minecraft:cherry_wood":3,"minecraft:iron_helmet":1,"minecraft:cherry_sapling":10,"minecraft:golden_apple":1,"minecraft:emerald":2,"minecraft:spruce_sign":1,"minecraft:bread":311,"minecraft:oak_sapling":2,"minecraft:dark_oak_fence":2,"minecraft:coal":36},"minecraft:used":{"minecraft:cherry_wood":14,"minecraft:iron_shovel":35,"minecraft:cracked_deepslate_bricks":58,"minecraft:spruce_slab":49,"minecraft:ladder":8,"minecraft:mycelium":5,"minecraft:tinted_glass":3,"minecraft:chest":40,"minecraft:shield":4,"minecraft:iron_sword":15,"minecraft:torch":18,"minecraft:dirt":59,"minecraft:deepslate_tile_slab":55,"minecraft:deepslate_brick_slab":5,"minecraft:glow_lichen":59,"minecraft:wooden_axe":1,"minecraft:lava_bucket":33,"minecraft:bookshelf":3,"minecraft:lantern":44,"minecraft:iron_axe":3,"minecraft:grass_block":536,"minecraft:dark_oak_slab":154,"minecraft:cherry_leaves":36,"minecraft:mud_bricks":4,"minecraft:barrel":37,"minecraft:reinforced_deepslate":10,"minecraft:infested_mossy_stone_bricks":3,"minecraft:infested_cracked_stone_bricks":2,"minecraft:deepslate_tile_stairs":262,"minecraft:furnace":2,"minecraft:egg":1,"minecraft:pearlescent_froglight":32,"minecraft:cobbled_deepslate":4,"minecraft:cherry_log":68,"minecraft:mangrove_leaves":177,"minecraft:water_bucket":105,"minecraft:oak_planks":4,"minecraft:polished_diorite_slab":4,"minecraft:wooden_pickaxe":18,"minecraft:deepslate_bricks":426,"minecraft:vine":54,"minecraft:infested_chiseled_stone_bricks":16,"minecraft:crafting_table":10,"minecraft:blast_furnace":1,"minecraft:white_bed":7,"minecraft:campfire":13,"minecraft:infested_deepslate":8,"minecraft:spruce_log":41,"minecraft:deepslate_brick_stairs":108,"minecraft:deepslate_tiles":496,"minecraft:purple_stained_glass":199,"minecraft:wooden_hoe":62,"minecraft:bread":36,"minecraft:iron_pickaxe":229,"minecraft:spore_blossom":1,"minecraft:flowering_azalea_leaves":13,"minecraft:pink_petals":3,"minecraft:soul_lantern":1,"minecraft:cobblestone":66,"minecraft:dark_oak_fence":163,"minecraft:white_stained_glass":101,"minecraft:chain":61,"minecraft:bucket":25},"minecraft:custom":{"minecraft:mob_kills":12,"minecraft:interact_with_crafting_table":25,"minecraft:open_barrel":8,"minecraft:bell_ring":9,"minecraft:leave_game":4,"minecraft:time_since_death":16205,"minecraft:climb_one_cm":7465,"minecraft:sprint_one_cm":369179,"minecraft:walk_one_cm":632180,"minecraft:damage_blocked_by_shield":150,"minecraft:drop":86,"minecraft:talked_to_villager":4,"minecraft:play_time":204530,"minecraft:deaths":2,"minecraft:sneak_time":19058,"minecraft:walk_under_water_one_cm":11388,"minecraft:jump":1936,"minecraft:interact_with_blast_furnace":11,"minecraft:walk_on_water_one_cm":16584,"minecraft:total_world_time":204530,"minecraft:interact_with_furnace":19,"minecraft:sleep_in_bed":4,"minecraft:time_since_rest":871,"minecraft:damage_taken":2033,"minecraft:damage_dealt":1882,"minecraft:swim_one_cm":39096,"minecraft:fly_one_cm":724998,"minecraft:open_chest":11,"minecraft:crouch_one_cm":66868,"minecraft:fall_one_cm":40941},"minecraft:crafted":{"minecraft:oak_planks":64,"minecraft:oak_sign":3,"minecraft:iron_boots":1,"minecraft:iron_axe":1,"minecraft:stone_pickaxe":1,"minecraft:wheat":783,"minecraft:crafting_table":4,"minecraft:wooden_pickaxe":2,"minecraft:iron_helmet":1,"minecraft:iron_sword":1,"minecraft:bucket":1,"minecraft:bread":262,"minecraft:air":0,"minecraft:wooden_hoe":1,"minecraft:shield":1,"minecraft:stick":32,"minecraft:iron_ingot":38,"minecraft:iron_pickaxe":2,"minecraft:wooden_axe":1,"minecraft:iron_shovel":1,"minecraft:gold_ingot":10,"minecraft:iron_leggings":1},"minecraft:killed_by":{"minecraft:creeper":1,"minecraft:zombie":1},"minecraft:broken":{"minecraft:wooden_hoe":1}},"DataVersion":3465}