{"stats":{"minecraft:killed":{"minecraft:iron_golem":1,"minecraft:creeper":1,"minecraft:zombie":1},"minecraft:dropped":{"minecraft:spruce_sign":1,"minecraft:bread":442,"minecraft:wheat_seeds":11,"minecraft:oak_log":11,"minecraft:dark_oak_slab":1,"minecraft:feather":5,"minecraft:cobblestone":5,"minecraft:lead":1,"minecraft:lantern":11,"minecraft:coal":13,"minecraft:stick":11,"minecraft:emerald":2,"minecraft:deepslate_tile_stairs":1,"minecraft:dirt":2,"minecraft:dark_oak_fence":2,"minecraft:mutton":1,"minecraft:wooden_axe":1,"minecraft:iron_leggings":1,"minecraft:chain":1,"minecraft:amethyst_shard":4,"minecraft:white_wool":3,"minecraft:cherry_wood":3,"minecraft:stone_axe":1,"minecraft:stone_sword":1,"minecraft:polished_diorite_slab":2,"minecraft:soul_lantern":1,"minecraft:infested_mossy_stone_bricks":2,"minecraft:white_bed":5,"minecraft:deepslate_bricks":1,"minecraft:deepslate_tiles":1,"minecraft:gunpowder":2,"minecraft:iron_chestplate":1,"minecraft:oak_sapling":2,"minecraft:spruce_log":1,"minecraft:arrow":2,"minecraft:stone_pickaxe":1,"minecraft:campfire":1,"minecraft:wooden_pickaxe":5,"minecraft:white_stained_glass":1},"minecraft:mined":{"minecraft:diamond_ore":1,"minecraft:white_bed":8,"minecraft:deepslate_diamond_ore":3,"minecraft:brewing_stand":2,"minecraft:grass_block":1,"minecraft:hay_block":87,"minecraft:spore_blossom":1,"minecraft:furnace":4,"minecraft:iron_ore":16,"minecraft:deepslate_iron_ore":22,"minecraft:stone":97,"minecraft:deepslate_redstone_ore":8,"minecraft:glass_pane":1,"minecraft:crafting_table":4,"minecraft:torch":8,"minecraft:blast_furnace":1,"minecraft:cobblestone":10,"minecraft:deepslate_gold_ore":9,"minecraft:oak_planks":1,"minecraft:diorite":2,"minecraft:wall_torch":14,"minecraft:pink_petals":1,"minecraft:wheat":3,"minecraft:grass":12,"minecraft:oak_log":16,"minecraft:coal_ore":12,"minecraft:gold_ore":1,"minecraft:oak_leaves":2,"minecraft:deepslate":35},"minecraft:picked_up":{"minecraft:wooden_axe":1,"minecraft:crafting_table":5,"minecraft:iron_chestplate":2,"minecraft:wheat":3,"minecraft:lead":3,"minecraft:wooden_pickaxe":4,"minecraft:chain":1,"minecraft:brewing_stand":2,"minecraft:iron_leggings":1,"minecraft:white_stained_glass":1,"minecraft:deepslate_tiles":1,"minecraft:cobbled_deepslate":33,"minecraft:poppy":3,"minecraft:chest":1,"minecraft:infested_mossy_stone_bricks":2,"minecraft:furnace":4,"minecraft:egg":1,"minecraft:stick":12,"minecraft:raw_iron":38,"minecraft:torch":37,"minecraft:diorite":2,"minecraft:carrot":1,"minecraft:redstone":36,"minecraft:deepslate_tile_stairs":2,"minecraft:stone_sword":1,"minecraft:arrow":2,"minecraft:rotten_flesh":4,"minecraft:deepslate_bricks":2,"minecraft:hay_block":87,"minecraft:deepslate_brick_stairs":1,"minecraft:mutton":1,"minecraft:cobblestone":93,"minecraft:white_wool":3,"minecraft:pink_petals":3,"minecraft:polished_diorite_slab":2,"minecraft:feather":5,"minecraft:oak_log":27,"minecraft:gunpowder":3,"minecraft:dirt":3,"minecraft:lantern":17,"minecraft:bone":2,"minecraft:pearlescent_froglight":1,"minecraft:wheat_seeds":11,"minecraft:raw_gold":10,"minecraft:spore_blossom":1,"minecraft:iron_ingot":5,"minecraft:stone_pickaxe":1,"minecraft:oak_planks":47,"minecraft:dark_oak_slab":2,"minecraft:amethyst_shard":8,"minecraft:blast_furnace":1,"minecraft:white_bed":12,"minecraft:spruce_log":1,"minecraft:barrel":1,"minecraft:dark_oak_log":1,"minecraft:spider_eye":1,"minecraft:diamond":4,"minecraft:stone_axe":1,"minecraft:campfire":1,"minecraft:soul_lantern":1,"minecraft:cherry_wood":3,"minecraft:cherry_sapling":10,"minecraft:emerald":2,"minecraft:spruce_sign":1,"minecraft:bread":258,"minecraft:oak_sapling":2,"minecraft:dark_oak_fence":2,"minecraft:coal":24},"minecraft:used":{"minecraft:cherry_wood":14,"minecraft:cracked_deepslate_bricks":58,"minecraft:spruce_slab":49,"minecraft:ladder":8,"minecraft:mycelium":5,"minecraft:chest":40,"minecraft:tinted_glass":3,"minecraft:iron_sword":2,"minecraft:torch":18,"minecraft:dirt":1,"minecraft:deepslate_tile_slab":55,"minecraft:deepslate_brick_slab":5,"minecraft:glow_lichen":59,"minecraft:wooden_axe":1,"minecraft:lava_bucket":33,"minecraft:bookshelf":3,"minecraft:lantern":44,"minecraft:grass_block":536,"minecraft:dark_oak_slab":154,"minecraft:cherry_leaves":36,"minecraft:mud_bricks":4,"minecraft:barrel":37,"minecraft:reinforced_deepslate":10,"minecraft:infested_mossy_stone_bricks":3,"minecraft:infested_cracked_stone_bricks":2,"minecraft:furnace":1,"minecraft:deepslate_tile_stairs":262,"minecraft:egg":1,"minecraft:pearlescent_froglight":32,"minecraft:cobbled_deepslate":4,"minecraft:cherry_log":68,"minecraft:mangrove_leaves":177,"minecraft:water_bucket":96,"minecraft:oak_planks":4,"minecraft:polished_diorite_slab":4,"minecraft:wooden_pickaxe":18,"minecraft:deepslate_bricks":426,"minecraft:vine":54,"minecraft:infested_chiseled_stone_bricks":16,"minecraft:crafting_table":7,"minecraft:white_bed":3,"minecraft:campfire":13,"minecraft:infested_deepslate":8,"minecraft:spruce_log":41,"minecraft:deepslate_brick_stairs":108,"minecraft:deepslate_tiles":496,"minecraft:purple_stained_glass":199,"minecraft:wooden_hoe":62,"minecraft:bread":22,"minecraft:iron_pickaxe":221,"minecraft:spore_blossom":1,"minecraft:flowering_azalea_leaves":13,"minecraft:soul_lantern":1,"minecraft:pink_petals":3,"minecraft:cobblestone":66,"minecraft:dark_oak_fence":163,"minecraft:white_stained_glass":101,"minecraft:bucket":15,"minecraft:chain":61},"minecraft:custom":{"minecraft:mob_kills":7,"minecraft:interact_with_crafting_table":15,"minecraft:open_barrel":8,"minecraft:bell_ring":9,"minecraft:leave_game":2,"minecraft:time_since_death":53894,"minecraft:climb_one_cm":5029,"minecraft:sprint_one_cm":287320,"minecraft:walk_one_cm":583553,"minecraft:drop":74,"minecraft:talked_to_villager":4,"minecraft:play_time":177397,"minecraft:deaths":1,"minecraft:sneak_time":18182,"minecraft:walk_under_water_one_cm":10451,"minecraft:jump":1341,"minecraft:walk_on_water_one_cm":13900,"minecraft:total_world_time":177397,"minecraft:interact_with_furnace":9,"minecraft:sleep_in_bed":3,"minecraft:time_since_rest":3569,"minecraft:damage_taken":1277,"minecraft:damage_dealt":1102,"minecraft:swim_one_cm":39096,"minecraft:fly_one_cm":501854,"minecraft:open_chest":7,"minecraft:crouch_one_cm":63913,"minecraft:fall_one_cm":18396},"minecraft:crafted":{"minecraft:oak_planks":64,"minecraft:iron_boots":1,"minecraft:stone_pickaxe":1,"minecraft:wheat":783,"minecraft:crafting_table":3,"minecraft:wooden_pickaxe":2,"minecraft:iron_sword":1,"minecraft:bread":262,"minecraft:air":0,"minecraft:wooden_hoe":1,"minecraft:shield":1,"minecraft:stick":24,"minecraft:iron_ingot":5,"minecraft:iron_pickaxe":1,"minecraft:wooden_axe":1},"minecraft:killed_by":{"minecraft:zombie":1},"minecraft:broken":{"minecraft:wooden_hoe":1}},"DataVersion":3465}