{"stats":{"minecraft:dropped":{"minecraft:cherry_wood":1,"minecraft:polished_diorite_slab":1,"minecraft:soul_lantern":1,"minecraft:chain":1,"minecraft:spruce_log":1,"minecraft:infested_mossy_stone_bricks":1,"minecraft:white_stained_glass":1},"minecraft:mined":{"minecraft:crafting_table":1,"minecraft:oak_log":4},"minecraft:picked_up":{"minecraft:stick":9,"minecraft:crafting_table":1,"minecraft:polished_diorite_slab":1,"minecraft:lead":2,"minecraft:amethyst_shard":2,"minecraft:oak_log":4,"minecraft:chain":1,"minecraft:spruce_log":1,"minecraft:lantern":5,"minecraft:white_stained_glass":1,"minecraft:soul_lantern":1,"minecraft:cherry_wood":1,"minecraft:cherry_sapling":10,"minecraft:infested_mossy_stone_bricks":1},"minecraft:used":{"minecraft:deepslate_tiles":491,"minecraft:purple_stained_glass":199,"minecraft:wooden_axe":1,"minecraft:lava_bucket":30,"minecraft:cherry_wood":14,"minecraft:cracked_deepslate_bricks":36,"minecraft:lantern":17,"minecraft:grass_block":514,"minecraft:polished_diorite_slab":4,"minecraft:tinted_glass":3,"minecraft:cherry_leaves":4,"minecraft:mud_bricks":4,"minecraft:flowering_azalea_leaves":5,"minecraft:deepslate_bricks":253,"minecraft:soul_lantern":1,"minecraft:reinforced_deepslate":10,"minecraft:infested_mossy_stone_bricks":3,"minecraft:infested_chiseled_stone_bricks":16,"minecraft:infested_cracked_stone_bricks":2,"minecraft:crafting_table":2,"minecraft:deepslate_tile_stairs":258,"minecraft:white_stained_glass":101,"minecraft:chain":3,"minecraft:deepslate_tile_slab":45,"minecraft:campfire":13,"minecraft:glow_lichen":56,"minecraft:pearlescent_froglight":31,"minecraft:infested_deepslate":8,"minecraft:cherry_log":65,"minecraft:spruce_log":22,"minecraft:mangrove_leaves":88},"minecraft:crafted":{"minecraft:oak_planks":16,"minecraft:crafting_table":1,"minecraft:stick":4,"minecraft:wooden_pickaxe":1,"minecraft:wooden_axe":1},"minecraft:custom":{"minecraft:time_since_rest":64328,"minecraft:sprint_one_cm":76239,"minecraft:damage_taken":10,"minecraft:walk_one_cm":259669,"minecraft:mob_kills":2,"minecraft:drop":7,"minecraft:damage_dealt":360,"minecraft:fly_one_cm":188415,"minecraft:interact_with_crafting_table":3,"minecraft:crouch_one_cm":10590,"minecraft:play_time":64328,"minecraft:sneak_time":3166,"minecraft:jump":414,"minecraft:time_since_death":64328,"minecraft:climb_one_cm":74,"minecraft:total_world_time":64328,"minecraft:fall_one_cm":838}},"DataVersion":3465}