{"stats":{"minecraft:killed":{"minecraft:sheep":1},"minecraft:mined":{"minecraft:white_bed":1,"minecraft:birch_leaves":4,"minecraft:crafting_table":2,"minecraft:bell":1,"minecraft:grass_block":1,"minecraft:oak_log":10,"minecraft:cobblestone":6,"minecraft:bricks":1,"minecraft:oak_leaves":3},"minecraft:picked_up":{"minecraft:crafting_table":2,"minecraft:oak_log":10,"minecraft:white_bed":1,"minecraft:dirt":1,"minecraft:rotten_flesh":1,"minecraft:bell":1,"minecraft:oak_boat":1,"minecraft:mutton":1,"minecraft:birch_sapling":1,"minecraft:bricks":1,"minecraft:white_wool":1,"minecraft:cobblestone":6},"minecraft:used":{"minecraft:bricks":1,"minecraft:stone_pickaxe":1,"minecraft:birch_sapling":1,"minecraft:wooden_pickaxe":7,"minecraft:rotten_flesh":1,"minecraft:stone_axe":5,"minecraft:crafting_table":2,"minecraft:oak_boat":2},"minecraft:crafted":{"minecraft:oak_boat":1,"minecraft:oak_planks":40,"minecraft:crafting_table":1,"minecraft:stick":8,"minecraft:wooden_pickaxe":1,"minecraft:stone_pickaxe":1,"minecraft:stone_axe":1},"minecraft:custom":{"minecraft:time_since_rest":6023,"minecraft:sprint_one_cm":43138,"minecraft:damage_taken":70,"minecraft:walk_one_cm":31377,"minecraft:mob_kills":1,"minecraft:damage_dealt":90,"minecraft:talked_to_villager":1,"minecraft:swim_one_cm":7386,"minecraft:interact_with_crafting_table":4,"minecraft:fly_one_cm":39887,"minecraft:open_chest":1,"minecraft:crouch_one_cm":567,"minecraft:play_time":10656,"minecraft:sneak_time":89,"minecraft:walk_under_water_one_cm":1071,"minecraft:boat_one_cm":35280,"minecraft:jump":171,"minecraft:leave_game":1,"minecraft:walk_on_water_one_cm":1344,"minecraft:time_since_death":10656,"minecraft:sleep_in_bed":1,"minecraft:total_world_time":10656,"minecraft:climb_one_cm":148,"minecraft:fall_one_cm":5461}},"DataVersion":3465}