{"stats":{"minecraft:dropped":{"minecraft:gunpowder":1},"minecraft:mined":{"minecraft:white_bed":1,"minecraft:crafting_table":2,"minecraft:grass_block":6,"minecraft:cobblestone":8,"minecraft:bricks":1,"minecraft:wall_torch":1,"minecraft:birch_log":30,"minecraft:andesite":12,"minecraft:birch_leaves":6,"minecraft:bell":1,"minecraft:grass":1,"minecraft:coal_ore":22,"minecraft:oak_log":85,"minecraft:dirt":18,"minecraft:birch_sign":1,"minecraft:stone":125,"minecraft:oak_leaves":17},"minecraft:crafted":{"minecraft:oak_planks":40,"minecraft:crafting_table":2,"minecraft:wooden_pickaxe":1,"minecraft:furnace":1,"minecraft:birch_planks":120,"minecraft:stone_axe":1,"minecraft:cooked_mutton":2,"minecraft:air":0,"minecraft:oak_boat":1,"minecraft:stick":232,"minecraft:stone_pickaxe":3,"minecraft:chest":1,"minecraft:torch":44,"minecraft:birch_sign":3},"minecraft:killed":{"minecraft:creeper":1,"minecraft:sheep":2},"minecraft:picked_up":{"minecraft:birch_log":30,"minecraft:crafting_table":2,"minecraft:andesite":12,"minecraft:oak_log":85,"minecraft:gunpowder":2,"minecraft:dirt":24,"minecraft:apple":2,"minecraft:bell":1,"minecraft:oak_boat":2,"minecraft:birch_sapling":2,"minecraft:stick":10,"minecraft:torch":1,"minecraft:white_bed":1,"minecraft:rotten_flesh":1,"minecraft:birch_sign":1,"minecraft:oak_sapling":13,"minecraft:mutton":2,"minecraft:bricks":1,"minecraft:coal":22,"minecraft:white_wool":2,"minecraft:cobblestone":130},"minecraft:custom":{"minecraft:interact_with_furnace":8,"minecraft:mob_kills":3,"minecraft:interact_with_crafting_table":18,"minecraft:bell_ring":5,"minecraft:leave_game":3,"minecraft:time_since_death":996,"minecraft:sleep_in_bed":4,"minecraft:climb_one_cm":148,"minecraft:time_since_rest":1091,"minecraft:sprint_one_cm":81414,"minecraft:damage_taken":440,"minecraft:walk_one_cm":87018,"minecraft:drop":1,"minecraft:damage_dealt":370,"minecraft:swim_one_cm":7386,"minecraft:talked_to_villager":1,"minecraft:fly_one_cm":57334,"minecraft:open_chest":2,"minecraft:crouch_one_cm":739,"minecraft:play_time":36345,"minecraft:deaths":1,"minecraft:sneak_time":176,"minecraft:walk_under_water_one_cm":1071,"minecraft:boat_one_cm":116010,"minecraft:jump":366,"minecraft:walk_on_water_one_cm":1451,"minecraft:total_world_time":36345,"minecraft:fall_one_cm":9545},"minecraft:broken":{"minecraft:stone_pickaxe":1},"minecraft:used":{"minecraft:cooked_mutton":2,"minecraft:stone_pickaxe":166,"minecraft:chest":1,"minecraft:wooden_pickaxe":7,"minecraft:bell":1,"minecraft:rotten_flesh":1,"minecraft:torch":8,"minecraft:dirt":1,"minecraft:crafting_table":4,"minecraft:birch_sign":2,"minecraft:white_bed":1,"minecraft:bricks":1,"minecraft:birch_sapling":1,"minecraft:stone_axe":126,"minecraft:cobblestone":3,"minecraft:furnace":1,"minecraft:oak_boat":2}},"DataVersion":3465}