{"stats":{"minecraft:dropped":{"minecraft:gunpowder":1},"minecraft:mined":{"minecraft:white_bed":1,"minecraft:crafting_table":2,"minecraft:grass_block":7,"minecraft:cobblestone":8,"minecraft:oak_planks":1,"minecraft:bricks":1,"minecraft:wall_torch":4,"minecraft:birch_log":30,"minecraft:andesite":12,"minecraft:birch_leaves":6,"minecraft:bell":1,"minecraft:grass":1,"minecraft:oak_log":85,"minecraft:coal_ore":22,"minecraft:dirt":35,"minecraft:birch_sign":1,"minecraft:stone":238,"minecraft:oak_leaves":17},"minecraft:crafted":{"minecraft:oak_planks":44,"minecraft:crafting_table":2,"minecraft:wooden_pickaxe":2,"minecraft:furnace":1,"minecraft:birch_planks":120,"minecraft:stone_axe":1,"minecraft:cooked_mutton":2,"minecraft:air":0,"minecraft:oak_boat":1,"minecraft:stick":232,"minecraft:stone_pickaxe":4,"minecraft:chest":1,"minecraft:torch":60,"minecraft:birch_sign":3},"minecraft:killed":{"minecraft:creeper":1,"minecraft:sheep":2,"minecraft:zombie":2},"minecraft:picked_up":{"minecraft:birch_log":30,"minecraft:crafting_table":2,"minecraft:andesite":12,"minecraft:oak_log":85,"minecraft:gunpowder":2,"minecraft:dirt":60,"minecraft:apple":2,"minecraft:bell":1,"minecraft:stone_pickaxe":1,"minecraft:oak_boat":2,"minecraft:oak_planks":2,"minecraft:birch_sapling":2,"minecraft:stick":38,"minecraft:torch":4,"minecraft:white_bed":1,"minecraft:rotten_flesh":3,"minecraft:birch_sign":1,"minecraft:oak_sapling":13,"minecraft:mutton":2,"minecraft:bricks":1,"minecraft:coal":22,"minecraft:white_wool":2,"minecraft:cobblestone":330},"minecraft:killed_by":{"minecraft:spider":1},"minecraft:custom":{"minecraft:interact_with_furnace":9,"minecraft:mob_kills":5,"minecraft:interact_with_crafting_table":25,"minecraft:bell_ring":8,"minecraft:leave_game":4,"minecraft:time_since_death":4305,"minecraft:sleep_in_bed":4,"minecraft:climb_one_cm":148,"minecraft:time_since_rest":4350,"minecraft:sprint_one_cm":94924,"minecraft:damage_taken":768,"minecraft:walk_one_cm":115335,"minecraft:drop":1,"minecraft:damage_dealt":717,"minecraft:swim_one_cm":7386,"minecraft:talked_to_villager":1,"minecraft:fly_one_cm":83918,"minecraft:open_chest":5,"minecraft:crouch_one_cm":2418,"minecraft:play_time":49318,"minecraft:deaths":2,"minecraft:sneak_time":1956,"minecraft:walk_under_water_one_cm":1071,"minecraft:boat_one_cm":116010,"minecraft:jump":606,"minecraft:walk_on_water_one_cm":1451,"minecraft:total_world_time":49318,"minecraft:fall_one_cm":14897},"minecraft:broken":{"minecraft:stone_pickaxe":1,"minecraft:wooden_pickaxe":1},"minecraft:used":{"minecraft:cooked_mutton":2,"minecraft:stone_pickaxe":240,"minecraft:oak_planks":1,"minecraft:chest":1,"minecraft:wooden_pickaxe":66,"minecraft:bell":1,"minecraft:rotten_flesh":1,"minecraft:torch":27,"minecraft:dirt":2,"minecraft:crafting_table":4,"minecraft:birch_sign":2,"minecraft:white_bed":1,"minecraft:bricks":1,"minecraft:birch_sapling":1,"minecraft:stone_axe":126,"minecraft:cobblestone":19,"minecraft:furnace":1,"minecraft:oak_boat":2}},"DataVersion":3465}