{"stats":{"minecraft:killed":{"minecraft:sheep":2,"minecraft:creeper":1},"minecraft:mined":{"minecraft:white_bed":1,"minecraft:birch_log":30,"minecraft:birch_leaves":6,"minecraft:crafting_table":2,"minecraft:bell":1,"minecraft:grass":1,"minecraft:coal_ore":22,"minecraft:grass_block":5,"minecraft:oak_log":77,"minecraft:dirt":7,"minecraft:birch_sign":1,"minecraft:cobblestone":6,"minecraft:stone":11,"minecraft:bricks":1,"minecraft:oak_leaves":13},"minecraft:picked_up":{"minecraft:birch_log":30,"minecraft:stick":10,"minecraft:crafting_table":2,"minecraft:oak_log":77,"minecraft:white_bed":1,"minecraft:gunpowder":1,"minecraft:dirt":12,"minecraft:rotten_flesh":1,"minecraft:apple":2,"minecraft:birch_sign":1,"minecraft:bell":1,"minecraft:oak_boat":2,"minecraft:oak_sapling":10,"minecraft:mutton":2,"minecraft:birch_sapling":1,"minecraft:bricks":1,"minecraft:coal":22,"minecraft:white_wool":2,"minecraft:cobblestone":17},"minecraft:used":{"minecraft:cooked_mutton":2,"minecraft:bricks":1,"minecraft:stone_pickaxe":34,"minecraft:birch_sapling":1,"minecraft:wooden_pickaxe":7,"minecraft:bell":1,"minecraft:rotten_flesh":1,"minecraft:torch":3,"minecraft:stone_axe":116,"minecraft:crafting_table":3,"minecraft:furnace":1,"minecraft:birch_sign":2,"minecraft:white_bed":1,"minecraft:oak_boat":2},"minecraft:crafted":{"minecraft:oak_boat":1,"minecraft:oak_planks":40,"minecraft:crafting_table":1,"minecraft:stick":232,"minecraft:wooden_pickaxe":1,"minecraft:stone_pickaxe":1,"minecraft:furnace":1,"minecraft:birch_sign":3,"minecraft:birch_planks":120,"minecraft:torch":4,"minecraft:stone_axe":1,"minecraft:air":0,"minecraft:cooked_mutton":2},"minecraft:custom":{"minecraft:time_since_rest":5968,"minecraft:interact_with_furnace":5,"minecraft:sprint_one_cm":78131,"minecraft:damage_taken":70,"minecraft:walk_one_cm":61554,"minecraft:mob_kills":3,"minecraft:damage_dealt":370,"minecraft:talked_to_villager":1,"minecraft:swim_one_cm":7386,"minecraft:interact_with_crafting_table":13,"minecraft:fly_one_cm":55297,"minecraft:open_chest":1,"minecraft:crouch_one_cm":567,"minecraft:play_time":25055,"minecraft:bell_ring":5,"minecraft:sneak_time":103,"minecraft:walk_under_water_one_cm":1071,"minecraft:boat_one_cm":116010,"minecraft:jump":305,"minecraft:leave_game":2,"minecraft:walk_on_water_one_cm":1451,"minecraft:time_since_death":25055,"minecraft:sleep_in_bed":4,"minecraft:total_world_time":25055,"minecraft:climb_one_cm":148,"minecraft:fall_one_cm":6146}},"DataVersion":3465}