{"stats":{"minecraft:picked_up":{"minecraft:stick":2,"minecraft:oak_log":12,"minecraft:dirt":3},"minecraft:custom":{"minecraft:jump":38,"minecraft:time_since_rest":5322,"minecraft:crouch_one_cm":127,"minecraft:damage_dealt":10,"minecraft:sprint_one_cm":2229,"minecraft:play_time":5322,"minecraft:time_since_death":5322,"minecraft:walk_one_cm":12949,"minecraft:sneak_time":27,"minecraft:total_world_time":5322,"minecraft:fall_one_cm":1430,"minecraft:fly_one_cm":23996},"minecraft:mined":{"minecraft:grass":1,"minecraft:grass_block":3,"minecraft:oak_log":12}},"DataVersion":3465}