{"stats":{"minecraft:mined":{"minecraft:pink_petals":3},"minecraft:picked_up":{"minecraft:pink_petals":1,"minecraft:bread":1},"minecraft:custom":{"minecraft:jump":39,"minecraft:time_since_rest":7721,"minecraft:damage_dealt":167,"minecraft:leave_game":3,"minecraft:play_time":7721,"minecraft:sprint_one_cm":9344,"minecraft:damage_taken":390,"minecraft:time_since_death":7721,"minecraft:walk_one_cm":41325,"minecraft:total_world_time":7721,"minecraft:climb_one_cm":1303,"minecraft:fall_one_cm":2739,"minecraft:fly_one_cm":6040},"minecraft:used":{"minecraft:pink_petals":1,"minecraft:bread":4}},"DataVersion":3465}