{"stats":{"minecraft:picked_up":{"minecraft:stick":2,"minecraft:oak_log":12,"minecraft:dirt":3},"minecraft:mined":{"minecraft:grass":1,"minecraft:grass_block":3,"minecraft:oak_log":12},"minecraft:used":{"minecraft:deepslate_brick_wall":17,"minecraft:deepslate_tiles":877,"minecraft:soul_lantern":6,"minecraft:amethyst_cluster":23,"minecraft:dirt":1,"minecraft:infested_mossy_stone_bricks":7,"minecraft:black_stained_glass":10,"minecraft:vine":56,"minecraft:white_carpet":1,"minecraft:dark_oak_log":1,"minecraft:black_stained_glass_pane":6,"minecraft:deepslate_tile_stairs":31,"minecraft:chain":3,"minecraft:black_carpet":10,"minecraft:pearlescent_froglight":19,"minecraft:dragon_head":4,"minecraft:creeper_head":2,"minecraft:piglin_head":1,"minecraft:cherry_log":74,"minecraft:deepslate_bricks":78,"minecraft:soul_torch":1,"minecraft:crimson_planks":21,"minecraft:crimson_hanging_sign":1},"minecraft:custom":{"minecraft:time_since_rest":41192,"minecraft:crouch_one_cm":127,"minecraft:sprint_one_cm":8358,"minecraft:play_time":41192,"minecraft:walk_one_cm":127209,"minecraft:sneak_time":205,"minecraft:jump":69,"minecraft:damage_dealt":70,"minecraft:leave_game":1,"minecraft:time_since_death":41192,"minecraft:total_world_time":41192,"minecraft:fall_one_cm":1430,"minecraft:fly_one_cm":80652}},"DataVersion":3465}