{"stats":{"minecraft:used":{"minecraft:pink_petals":1},"minecraft:mined":{"minecraft:pink_petals":1},"minecraft:picked_up":{"minecraft:pink_petals":1},"minecraft:custom":{"minecraft:jump":18,"minecraft:time_since_rest":1935,"minecraft:leave_game":1,"minecraft:sprint_one_cm":3513,"minecraft:play_time":1935,"minecraft:damage_taken":60,"minecraft:time_since_death":1935,"minecraft:walk_one_cm":10629,"minecraft:climb_one_cm":144,"minecraft:total_world_time":1935,"minecraft:fall_one_cm":1274,"minecraft:fly_one_cm":2454}},"DataVersion":3465}