{"stats":{"minecraft:dropped":{"minecraft:stick":1},"minecraft:mined":{"minecraft:grass":1,"minecraft:grass_block":3,"minecraft:oak_log":12},"minecraft:picked_up":{"minecraft:pink_petals":1,"minecraft:stick":4,"minecraft:amethyst_shard":2,"minecraft:oak_log":12,"minecraft:lantern":2,"minecraft:dirt":3},"minecraft:used":{"minecraft:deepslate_tiles":882,"minecraft:deepslate_brick_wall":17,"minecraft:purple_stained_glass":24,"minecraft:amethyst_cluster":25,"minecraft:dark_oak_planks":9,"minecraft:cherry_sapling":6,"minecraft:dark_oak_log":1,"minecraft:black_stained_glass_pane":6,"minecraft:lantern":19,"minecraft:grass_block":150,"minecraft:ladder":28,"minecraft:black_carpet":10,"minecraft:spore_blossom":8,"minecraft:tinted_glass":13,"minecraft:ender_chest":25,"minecraft:dark_oak_slab":179,"minecraft:cherry_leaves":6,"minecraft:creeper_head":2,"minecraft:beacon":2,"minecraft:crimson_planks":21,"minecraft:flowering_azalea_leaves":73,"minecraft:deepslate_bricks":131,"minecraft:soul_lantern":6,"minecraft:oak_leaves":18,"minecraft:pink_petals":149,"minecraft:dirt":1,"minecraft:infested_mossy_stone_bricks":7,"minecraft:vine":57,"minecraft:black_stained_glass":11,"minecraft:white_carpet":1,"minecraft:deepslate_tile_stairs":38,"minecraft:white_stained_glass":20,"minecraft:chain":3,"minecraft:nether_brick_slab":6,"minecraft:pearlescent_froglight":29,"minecraft:glow_lichen":18,"minecraft:dragon_head":4,"minecraft:piglin_head":1,"minecraft:cherry_log":75,"minecraft:bone_meal":21,"minecraft:cobweb":10,"minecraft:mangrove_leaves":231,"minecraft:soul_torch":1,"minecraft:crimson_hanging_sign":1,"minecraft:deepslate_tile_wall":27},"minecraft:custom":{"minecraft:time_since_rest":101192,"minecraft:sprint_one_cm":23089,"minecraft:walk_one_cm":308336,"minecraft:drop":1,"minecraft:damage_dealt":120,"minecraft:interact_with_beacon":1,"minecraft:fly_one_cm":327945,"minecraft:crouch_one_cm":132,"minecraft:play_time":101192,"minecraft:sneak_time":372,"minecraft:jump":186,"minecraft:leave_game":1,"minecraft:time_since_death":101192,"minecraft:climb_one_cm":6443,"minecraft:total_world_time":101192,"minecraft:fall_one_cm":1430}},"DataVersion":3465}