{"stats":{"minecraft:killed":{"minecraft:sheep":1,"minecraft:zombie":1,"minecraft:cow":1},"minecraft:dropped":{"minecraft:iron_ingot":1,"minecraft:oak_log":2,"minecraft:dark_oak_slab":1,"minecraft:rotten_flesh":2,"minecraft:white_bed":1,"minecraft:stick":1,"minecraft:deepslate_bricks":1,"minecraft:deepslate_tile_stairs":1,"minecraft:deepslate_brick_stairs":2,"minecraft:dark_oak_log":1,"minecraft:pearlescent_froglight":1,"minecraft:iron_chestplate":1,"minecraft:chest":1,"minecraft:amethyst_shard":2,"minecraft:barrel":1},"minecraft:mined":{"minecraft:tuff":4,"minecraft:white_bed":2,"minecraft:crafting_table":3,"minecraft:torch":2,"minecraft:grass_block":10,"minecraft:chest":1,"minecraft:tall_grass":9,"minecraft:cobblestone":12,"minecraft:wall_torch":18,"minecraft:iron_ore":1,"minecraft:andesite":3,"minecraft:grass":23,"minecraft:oak_log":37,"minecraft:coal_ore":14,"minecraft:dirt_path":2,"minecraft:gravel":1,"minecraft:dirt":7,"minecraft:oak_leaves":3,"minecraft:stone":7,"minecraft:white_wool":2},"minecraft:picked_up":{"minecraft:wooden_axe":4,"minecraft:pink_petals":1,"minecraft:crafting_table":7,"minecraft:iron_chestplate":4,"minecraft:feather":5,"minecraft:andesite":15,"minecraft:leather":5,"minecraft:wooden_pickaxe":3,"minecraft:tuff":6,"minecraft:oak_log":73,"minecraft:shield":3,"minecraft:dirt":26,"minecraft:string":5,"minecraft:lantern":2,"minecraft:raw_copper":3,"minecraft:iron_leggings":2,"minecraft:wheat_seeds":17,"minecraft:stone_pickaxe":4,"minecraft:iron_ingot":3,"minecraft:beef":6,"minecraft:light_gray_wool":1,"minecraft:chest":2,"minecraft:egg":3,"minecraft:oak_planks":12,"minecraft:iron_sword":3,"minecraft:stick":30,"minecraft:raw_iron":6,"minecraft:dandelion":1,"minecraft:torch":30,"minecraft:amethyst_shard":2,"minecraft:white_bed":13,"minecraft:spider_eye":5,"minecraft:stone_sword":2,"minecraft:stone_shovel":1,"minecraft:rotten_flesh":10,"minecraft:stone_axe":4,"minecraft:emerald":10,"minecraft:bread":522,"minecraft:oak_sapling":5,"minecraft:deepslate_brick_stairs":1,"minecraft:mutton":31,"minecraft:coal":81,"minecraft:white_wool":4,"minecraft:cobblestone":66},"minecraft:used":{"minecraft:crimson_hanging_sign":1,"minecraft:deepslate_brick_wall":17,"minecraft:cherry_sapling":6,"minecraft:stone_sword":15,"minecraft:stone_shovel":3,"minecraft:stone_pickaxe":47,"minecraft:ladder":28,"minecraft:black_carpet":10,"minecraft:shield":3,"minecraft:chest":4,"minecraft:wooden_pickaxe":17,"minecraft:tinted_glass":13,"minecraft:ender_chest":25,"minecraft:iron_sword":16,"minecraft:creeper_head":2,"minecraft:beacon":2,"minecraft:deepslate_bricks":192,"minecraft:oak_leaves":18,"minecraft:torch":5,"minecraft:dirt":11,"minecraft:vine":57,"minecraft:white_carpet":1,"minecraft:crafting_table":2,"minecraft:nether_brick_slab":6,"minecraft:white_bed":1,"minecraft:glow_lichen":18,"minecraft:piglin_head":1,"minecraft:deepslate_brick_stairs":49,"minecraft:oak_log":2,"minecraft:deepslate_tile_wall":27,"minecraft:deepslate_tiles":882,"minecraft:purple_stained_glass":24,"minecraft:amethyst_cluster":25,"minecraft:wooden_axe":5,"minecraft:dark_oak_planks":9,"minecraft:apple":4,"minecraft:dark_oak_log":1,"minecraft:black_stained_glass_pane":6,"minecraft:lantern":19,"minecraft:grass_block":150,"minecraft:bread":6,"minecraft:spore_blossom":8,"minecraft:dark_oak_slab":179,"minecraft:cherry_leaves":6,"minecraft:flowering_azalea_leaves":73,"minecraft:crimson_planks":21,"minecraft:stone_axe":13,"minecraft:barrel":11,"minecraft:soul_lantern":6,"minecraft:pink_petals":149,"minecraft:infested_mossy_stone_bricks":7,"minecraft:cobblestone":13,"minecraft:black_stained_glass":11,"minecraft:oak_sapling":3,"minecraft:deepslate_tile_stairs":40,"minecraft:white_stained_glass":20,"minecraft:chain":3,"minecraft:dragon_head":4,"minecraft:cobweb":10,"minecraft:pearlescent_froglight":38,"minecraft:cherry_log":75,"minecraft:bone_meal":21,"minecraft:soul_torch":1,"minecraft:mangrove_leaves":231},"minecraft:crafted":{"minecraft:oak_planks":56,"minecraft:stone_shovel":1,"minecraft:wooden_pickaxe":1,"minecraft:stone_axe":1,"minecraft:shield":1,"minecraft:stick":12,"minecraft:chest":1,"minecraft:iron_ingot":1,"minecraft:stone_pickaxe":1,"minecraft:stone_sword":1},"minecraft:custom":{"minecraft:interact_with_furnace":9,"minecraft:mob_kills":3,"minecraft:interact_with_crafting_table":16,"minecraft:open_barrel":7,"minecraft:interact_with_grindstone":1,"minecraft:leave_game":2,"minecraft:time_since_death":8673,"minecraft:sleep_in_bed":4,"minecraft:climb_one_cm":8043,"minecraft:time_since_rest":8823,"minecraft:sprint_one_cm":206362,"minecraft:damage_taken":2752,"minecraft:walk_one_cm":665140,"minecraft:damage_blocked_by_shield":90,"minecraft:drop":19,"minecraft:damage_dealt":1488,"minecraft:interact_with_beacon":1,"minecraft:swim_one_cm":2224,"minecraft:fly_one_cm":506976,"minecraft:open_chest":10,"minecraft:play_time":181673,"minecraft:crouch_one_cm":132,"minecraft:deaths":7,"minecraft:sneak_time":571,"minecraft:walk_under_water_one_cm":6949,"minecraft:jump":954,"minecraft:interact_with_smoker":1,"minecraft:walk_on_water_one_cm":8187,"minecraft:total_world_time":181673,"minecraft:fall_one_cm":49295},"minecraft:killed_by":{"minecraft:creeper":1,"minecraft:spider":1,"minecraft:zombie":1}},"DataVersion":3465}