{"stats":{"minecraft:dropped":{"minecraft:stick":1},"minecraft:mined":{"minecraft:grass":1,"minecraft:grass_block":3,"minecraft:oak_log":12},"minecraft:picked_up":{"minecraft:stick":4,"minecraft:amethyst_shard":2,"minecraft:oak_log":12,"minecraft:lantern":2,"minecraft:dirt":3},"minecraft:used":{"minecraft:deepslate_tiles":878,"minecraft:deepslate_brick_wall":17,"minecraft:purple_stained_glass":24,"minecraft:amethyst_cluster":25,"minecraft:cherry_sapling":6,"minecraft:dark_oak_log":1,"minecraft:black_stained_glass_pane":6,"minecraft:lantern":19,"minecraft:grass_block":126,"minecraft:black_carpet":10,"minecraft:spore_blossom":8,"minecraft:tinted_glass":13,"minecraft:dark_oak_slab":148,"minecraft:cherry_leaves":6,"minecraft:creeper_head":2,"minecraft:beacon":2,"minecraft:crimson_planks":21,"minecraft:flowering_azalea_leaves":72,"minecraft:deepslate_bricks":122,"minecraft:soul_lantern":6,"minecraft:oak_leaves":18,"minecraft:pink_petals":109,"minecraft:dirt":1,"minecraft:infested_mossy_stone_bricks":7,"minecraft:vine":57,"minecraft:black_stained_glass":11,"minecraft:white_carpet":1,"minecraft:deepslate_tile_stairs":33,"minecraft:white_stained_glass":20,"minecraft:chain":3,"minecraft:nether_brick_slab":6,"minecraft:pearlescent_froglight":29,"minecraft:glow_lichen":18,"minecraft:dragon_head":4,"minecraft:piglin_head":1,"minecraft:cherry_log":75,"minecraft:bone_meal":21,"minecraft:cobweb":10,"minecraft:mangrove_leaves":231,"minecraft:soul_torch":1,"minecraft:crimson_hanging_sign":1,"minecraft:deepslate_tile_wall":27},"minecraft:custom":{"minecraft:time_since_rest":89192,"minecraft:sprint_one_cm":15383,"minecraft:walk_one_cm":265904,"minecraft:drop":1,"minecraft:damage_dealt":120,"minecraft:interact_with_beacon":1,"minecraft:fly_one_cm":270032,"minecraft:crouch_one_cm":132,"minecraft:play_time":89192,"minecraft:sneak_time":345,"minecraft:jump":141,"minecraft:leave_game":1,"minecraft:time_since_death":89192,"minecraft:total_world_time":89192,"minecraft:fall_one_cm":1430}},"DataVersion":3465}