{"stats":{"minecraft:picked_up":{"minecraft:stick":2,"minecraft:oak_log":12,"minecraft:dirt":3},"minecraft:custom":{"minecraft:jump":47,"minecraft:time_since_rest":23322,"minecraft:crouch_one_cm":127,"minecraft:damage_dealt":10,"minecraft:sprint_one_cm":7215,"minecraft:play_time":23322,"minecraft:time_since_death":23322,"minecraft:walk_one_cm":60859,"minecraft:sneak_time":133,"minecraft:total_world_time":23322,"minecraft:fall_one_cm":1430,"minecraft:fly_one_cm":62482},"minecraft:mined":{"minecraft:grass":1,"minecraft:grass_block":3,"minecraft:oak_log":12},"minecraft:used":{"minecraft:deepslate_tiles":877,"minecraft:dirt":1,"minecraft:infested_mossy_stone_bricks":7,"minecraft:vine":56,"minecraft:deepslate_bricks":47,"minecraft:deepslate_brick_wall":17}},"DataVersion":3465}