{"stats":{"minecraft:killed":{"minecraft:spider":1,"minecraft:sheep":2,"minecraft:zombie":1,"minecraft:cow":1},"minecraft:dropped":{"minecraft:iron_ingot":1,"minecraft:iron_sword":2,"minecraft:oak_log":2,"minecraft:dark_oak_slab":1,"minecraft:stick":1,"minecraft:deepslate_tile_stairs":1,"minecraft:deepslate_brick_stairs":2,"minecraft:dark_oak_log":1,"minecraft:pearlescent_froglight":1,"minecraft:amethyst_shard":2,"minecraft:rotten_flesh":2,"minecraft:white_bed":1,"minecraft:deepslate_bricks":1,"minecraft:iron_chestplate":1,"minecraft:chest":1,"minecraft:barrel":1},"minecraft:mined":{"minecraft:tuff":4,"minecraft:white_bed":2,"minecraft:acacia_log":31,"minecraft:grass_block":27,"minecraft:iron_ore":1,"minecraft:andesite":3,"minecraft:dirt_path":2,"minecraft:stone":9,"minecraft:white_wool":2,"minecraft:acacia_leaves":5,"minecraft:crafting_table":3,"minecraft:torch":3,"minecraft:chest":1,"minecraft:cobblestone":12,"minecraft:tall_grass":9,"minecraft:wall_torch":18,"minecraft:grass":34,"minecraft:coal_ore":14,"minecraft:oak_log":42,"minecraft:gravel":1,"minecraft:dirt":16,"minecraft:oak_leaves":12},"minecraft:picked_up":{"minecraft:wooden_axe":4,"minecraft:iron_chestplate":4,"minecraft:crafting_table":7,"minecraft:wooden_pickaxe":3,"minecraft:shield":3,"minecraft:string":5,"minecraft:raw_copper":3,"minecraft:iron_leggings":2,"minecraft:beef":6,"minecraft:poppy":1,"minecraft:light_gray_wool":1,"minecraft:chest":2,"minecraft:egg":3,"minecraft:stick":32,"minecraft:raw_iron":6,"minecraft:torch":31,"minecraft:acacia_log":30,"minecraft:stone_sword":2,"minecraft:rotten_flesh":10,"minecraft:stone_shovel":1,"minecraft:deepslate_brick_stairs":1,"minecraft:mutton":35,"minecraft:white_wool":6,"minecraft:cobblestone":70,"minecraft:pink_petals":1,"minecraft:feather":5,"minecraft:andesite":15,"minecraft:leather":5,"minecraft:tuff":6,"minecraft:oak_log":77,"minecraft:dirt":64,"minecraft:lantern":2,"minecraft:wheat_seeds":23,"minecraft:iron_ingot":3,"minecraft:stone_pickaxe":4,"minecraft:acacia_sapling":4,"minecraft:iron_sword":5,"minecraft:oak_planks":12,"minecraft:dandelion":1,"minecraft:amethyst_shard":2,"minecraft:white_bed":13,"minecraft:spider_eye":5,"minecraft:stone_axe":4,"minecraft:bread":522,"minecraft:emerald":10,"minecraft:oak_sapling":5,"minecraft:coal":81},"minecraft:used":{"minecraft:cherry_sapling":6,"minecraft:stone_sword":15,"minecraft:stone_shovel":32,"minecraft:ladder":28,"minecraft:black_carpet":10,"minecraft:chest":4,"minecraft:shield":3,"minecraft:tinted_glass":13,"minecraft:ender_chest":25,"minecraft:iron_sword":47,"minecraft:creeper_head":2,"minecraft:torch":6,"minecraft:dirt":11,"minecraft:white_carpet":1,"minecraft:nether_brick_slab":6,"minecraft:glow_lichen":18,"minecraft:dark_oak_planks":9,"minecraft:wooden_axe":5,"minecraft:black_stained_glass_pane":6,"minecraft:lantern":19,"minecraft:grass_block":150,"minecraft:dark_oak_slab":179,"minecraft:cherry_leaves":6,"minecraft:crimson_planks":21,"minecraft:barrel":11,"minecraft:infested_mossy_stone_bricks":7,"minecraft:black_stained_glass":11,"minecraft:oak_sapling":3,"minecraft:deepslate_tile_stairs":40,"minecraft:pearlescent_froglight":38,"minecraft:dragon_head":4,"minecraft:cherry_log":75,"minecraft:mangrove_leaves":231,"minecraft:deepslate_brick_wall":17,"minecraft:crimson_hanging_sign":1,"minecraft:stone_pickaxe":49,"minecraft:wooden_pickaxe":17,"minecraft:beacon":2,"minecraft:deepslate_bricks":192,"minecraft:oak_leaves":18,"minecraft:vine":57,"minecraft:crafting_table":2,"minecraft:white_bed":1,"minecraft:piglin_head":1,"minecraft:deepslate_brick_stairs":49,"minecraft:purple_stained_glass":24,"minecraft:deepslate_tile_wall":27,"minecraft:deepslate_tiles":882,"minecraft:oak_log":2,"minecraft:amethyst_cluster":25,"minecraft:apple":4,"minecraft:dark_oak_log":1,"minecraft:bread":11,"minecraft:spore_blossom":8,"minecraft:flowering_azalea_leaves":73,"minecraft:soul_lantern":6,"minecraft:stone_axe":55,"minecraft:pink_petals":149,"minecraft:cobblestone":13,"minecraft:white_stained_glass":20,"minecraft:chain":3,"minecraft:bone_meal":21,"minecraft:soul_torch":1,"minecraft:cobweb":10},"minecraft:custom":{"minecraft:mob_kills":5,"minecraft:interact_with_crafting_table":16,"minecraft:open_barrel":7,"minecraft:leave_game":2,"minecraft:time_since_death":20673,"minecraft:climb_one_cm":8043,"minecraft:sprint_one_cm":263008,"minecraft:walk_one_cm":702478,"minecraft:damage_blocked_by_shield":90,"minecraft:drop":21,"minecraft:play_time":193673,"minecraft:deaths":7,"minecraft:sneak_time":637,"minecraft:walk_under_water_one_cm":8413,"minecraft:jump":1145,"minecraft:walk_on_water_one_cm":12160,"minecraft:total_world_time":193673,"minecraft:interact_with_furnace":9,"minecraft:interact_with_grindstone":1,"minecraft:sleep_in_bed":5,"minecraft:time_since_rest":4100,"minecraft:damage_taken":3025,"minecraft:damage_dealt":1900,"minecraft:interact_with_beacon":1,"minecraft:fly_one_cm":551336,"minecraft:swim_one_cm":2224,"minecraft:open_chest":11,"minecraft:crouch_one_cm":147,"minecraft:interact_with_smoker":1,"minecraft:fall_one_cm":55576},"minecraft:crafted":{"minecraft:oak_planks":56,"minecraft:stone_shovel":1,"minecraft:stone_pickaxe":1,"minecraft:chest":1,"minecraft:wooden_pickaxe":1,"minecraft:stone_axe":1,"minecraft:shield":1,"minecraft:stick":12,"minecraft:iron_ingot":1,"minecraft:stone_sword":1,"minecraft:torch":4},"minecraft:killed_by":{"minecraft:creeper":1,"minecraft:spider":1,"minecraft:zombie":1}},"DataVersion":3465}