{"stats":{"minecraft:dropped":{"minecraft:dark_oak_slab":1,"minecraft:rotten_flesh":2,"minecraft:stick":1,"minecraft:deepslate_bricks":1,"minecraft:deepslate_tile_stairs":1,"minecraft:deepslate_brick_stairs":2,"minecraft:dark_oak_log":1,"minecraft:pearlescent_froglight":1,"minecraft:iron_chestplate":1,"minecraft:chest":1,"minecraft:barrel":1,"minecraft:amethyst_shard":2},"minecraft:mined":{"minecraft:white_bed":1,"minecraft:grass_block":3,"minecraft:tall_grass":4,"minecraft:wall_torch":4,"minecraft:grass":17,"minecraft:oak_log":12},"minecraft:killed":{"minecraft:sheep":1,"minecraft:cow":1},"minecraft:picked_up":{"minecraft:pink_petals":1,"minecraft:oak_log":12,"minecraft:dirt":3,"minecraft:lantern":2,"minecraft:wheat_seeds":2,"minecraft:beef":2,"minecraft:stick":4,"minecraft:torch":4,"minecraft:amethyst_shard":2,"minecraft:white_bed":1,"minecraft:rotten_flesh":2,"minecraft:deepslate_brick_stairs":1,"minecraft:mutton":1,"minecraft:white_wool":1},"minecraft:killed_by":{"minecraft:spider":1},"minecraft:custom":{"minecraft:interact_with_furnace":2,"minecraft:mob_kills":2,"minecraft:open_barrel":7,"minecraft:interact_with_grindstone":1,"minecraft:leave_game":2,"minecraft:time_since_death":8569,"minecraft:climb_one_cm":8043,"minecraft:time_since_rest":8635,"minecraft:sprint_one_cm":60747,"minecraft:damage_taken":650,"minecraft:walk_one_cm":447486,"minecraft:drop":15,"minecraft:damage_dealt":593,"minecraft:interact_with_beacon":1,"minecraft:fly_one_cm":405210,"minecraft:open_chest":5,"minecraft:crouch_one_cm":132,"minecraft:play_time":132698,"minecraft:deaths":2,"minecraft:sneak_time":508,"minecraft:jump":319,"minecraft:walk_on_water_one_cm":391,"minecraft:total_world_time":132698,"minecraft:fall_one_cm":11074},"minecraft:used":{"minecraft:mangrove_leaves":231,"minecraft:deepslate_brick_wall":17,"minecraft:crimson_hanging_sign":1,"minecraft:cherry_sapling":6,"minecraft:ladder":28,"minecraft:black_carpet":10,"minecraft:chest":3,"minecraft:tinted_glass":13,"minecraft:ender_chest":25,"minecraft:creeper_head":2,"minecraft:beacon":2,"minecraft:deepslate_bricks":192,"minecraft:oak_leaves":18,"minecraft:dirt":1,"minecraft:vine":57,"minecraft:white_carpet":1,"minecraft:nether_brick_slab":6,"minecraft:glow_lichen":18,"minecraft:piglin_head":1,"minecraft:deepslate_brick_stairs":49,"minecraft:deepslate_tiles":882,"minecraft:deepslate_tile_wall":27,"minecraft:purple_stained_glass":24,"minecraft:amethyst_cluster":25,"minecraft:dark_oak_planks":9,"minecraft:apple":1,"minecraft:dark_oak_log":1,"minecraft:black_stained_glass_pane":6,"minecraft:lantern":19,"minecraft:grass_block":150,"minecraft:spore_blossom":8,"minecraft:dark_oak_slab":179,"minecraft:cherry_leaves":6,"minecraft:crimson_planks":21,"minecraft:flowering_azalea_leaves":73,"minecraft:barrel":11,"minecraft:soul_lantern":6,"minecraft:pink_petals":149,"minecraft:infested_mossy_stone_bricks":7,"minecraft:black_stained_glass":11,"minecraft:oak_sapling":3,"minecraft:deepslate_tile_stairs":40,"minecraft:white_stained_glass":20,"minecraft:chain":3,"minecraft:pearlescent_froglight":38,"minecraft:dragon_head":4,"minecraft:cherry_log":75,"minecraft:bone_meal":21,"minecraft:soul_torch":1,"minecraft:cobweb":10}},"DataVersion":3465}