{"stats":{"minecraft:killed":{"minecraft:sheep":1,"minecraft:zombie":1,"minecraft:cow":1},"minecraft:dropped":{"minecraft:iron_ingot":1,"minecraft:oak_log":2,"minecraft:dark_oak_slab":1,"minecraft:rotten_flesh":2,"minecraft:white_bed":1,"minecraft:stick":1,"minecraft:deepslate_bricks":1,"minecraft:deepslate_tile_stairs":1,"minecraft:deepslate_brick_stairs":2,"minecraft:dark_oak_log":1,"minecraft:pearlescent_froglight":1,"minecraft:iron_chestplate":1,"minecraft:chest":1,"minecraft:amethyst_shard":2,"minecraft:barrel":1},"minecraft:mined":{"minecraft:tuff":4,"minecraft:white_bed":1,"minecraft:crafting_table":2,"minecraft:torch":2,"minecraft:grass_block":5,"minecraft:tall_grass":7,"minecraft:cobblestone":12,"minecraft:wall_torch":18,"minecraft:iron_ore":1,"minecraft:andesite":3,"minecraft:grass":20,"minecraft:oak_log":37,"minecraft:coal_ore":14,"minecraft:dirt_path":2,"minecraft:stone":7,"minecraft:white_wool":2},"minecraft:picked_up":{"minecraft:wooden_axe":3,"minecraft:pink_petals":1,"minecraft:crafting_table":5,"minecraft:iron_chestplate":3,"minecraft:feather":5,"minecraft:andesite":9,"minecraft:leather":3,"minecraft:wooden_pickaxe":3,"minecraft:tuff":2,"minecraft:oak_log":66,"minecraft:shield":2,"minecraft:dirt":14,"minecraft:string":3,"minecraft:lantern":2,"minecraft:raw_copper":3,"minecraft:iron_leggings":2,"minecraft:wheat_seeds":6,"minecraft:stone_pickaxe":3,"minecraft:iron_ingot":3,"minecraft:beef":6,"minecraft:light_gray_wool":1,"minecraft:oak_planks":12,"minecraft:iron_sword":2,"minecraft:stick":28,"minecraft:raw_iron":4,"minecraft:torch":30,"minecraft:amethyst_shard":2,"minecraft:white_bed":9,"minecraft:spider_eye":3,"minecraft:stone_sword":2,"minecraft:rotten_flesh":6,"minecraft:stone_axe":3,"minecraft:emerald":6,"minecraft:bread":410,"minecraft:oak_sapling":5,"minecraft:deepslate_brick_stairs":1,"minecraft:mutton":19,"minecraft:coal":53,"minecraft:white_wool":4,"minecraft:cobblestone":60},"minecraft:used":{"minecraft:crimson_hanging_sign":1,"minecraft:deepslate_brick_wall":17,"minecraft:cherry_sapling":6,"minecraft:stone_sword":15,"minecraft:stone_pickaxe":47,"minecraft:ladder":28,"minecraft:black_carpet":10,"minecraft:shield":3,"minecraft:chest":4,"minecraft:wooden_pickaxe":17,"minecraft:tinted_glass":13,"minecraft:ender_chest":25,"minecraft:iron_sword":1,"minecraft:creeper_head":2,"minecraft:beacon":2,"minecraft:deepslate_bricks":192,"minecraft:oak_leaves":18,"minecraft:torch":5,"minecraft:dirt":2,"minecraft:vine":57,"minecraft:white_carpet":1,"minecraft:crafting_table":2,"minecraft:nether_brick_slab":6,"minecraft:white_bed":1,"minecraft:glow_lichen":18,"minecraft:piglin_head":1,"minecraft:deepslate_brick_stairs":49,"minecraft:oak_log":2,"minecraft:deepslate_tile_wall":27,"minecraft:deepslate_tiles":882,"minecraft:purple_stained_glass":24,"minecraft:amethyst_cluster":25,"minecraft:wooden_axe":2,"minecraft:dark_oak_planks":9,"minecraft:apple":4,"minecraft:dark_oak_log":1,"minecraft:black_stained_glass_pane":6,"minecraft:lantern":19,"minecraft:grass_block":150,"minecraft:bread":3,"minecraft:spore_blossom":8,"minecraft:dark_oak_slab":179,"minecraft:cherry_leaves":6,"minecraft:flowering_azalea_leaves":73,"minecraft:crimson_planks":21,"minecraft:stone_axe":13,"minecraft:barrel":11,"minecraft:soul_lantern":6,"minecraft:pink_petals":149,"minecraft:infested_mossy_stone_bricks":7,"minecraft:cobblestone":13,"minecraft:black_stained_glass":11,"minecraft:oak_sapling":3,"minecraft:deepslate_tile_stairs":40,"minecraft:white_stained_glass":20,"minecraft:chain":3,"minecraft:dragon_head":4,"minecraft:cobweb":10,"minecraft:pearlescent_froglight":38,"minecraft:cherry_log":75,"minecraft:bone_meal":21,"minecraft:soul_torch":1,"minecraft:mangrove_leaves":231},"minecraft:crafted":{"minecraft:oak_planks":56,"minecraft:wooden_pickaxe":1,"minecraft:stone_axe":1,"minecraft:shield":1,"minecraft:stick":8,"minecraft:chest":1,"minecraft:iron_ingot":1,"minecraft:stone_pickaxe":1,"minecraft:stone_sword":1},"minecraft:custom":{"minecraft:interact_with_furnace":9,"minecraft:mob_kills":3,"minecraft:interact_with_crafting_table":12,"minecraft:open_barrel":7,"minecraft:interact_with_grindstone":1,"minecraft:leave_game":2,"minecraft:time_since_death":8596,"minecraft:sleep_in_bed":2,"minecraft:climb_one_cm":8043,"minecraft:time_since_rest":8635,"minecraft:sprint_one_cm":148891,"minecraft:damage_taken":2318,"minecraft:walk_one_cm":621657,"minecraft:damage_blocked_by_shield":90,"minecraft:drop":19,"minecraft:damage_dealt":1304,"minecraft:interact_with_beacon":1,"minecraft:fly_one_cm":471891,"minecraft:open_chest":8,"minecraft:play_time":169673,"minecraft:crouch_one_cm":132,"minecraft:deaths":6,"minecraft:sneak_time":508,"minecraft:jump":751,"minecraft:walk_on_water_one_cm":391,"minecraft:total_world_time":169673,"minecraft:fall_one_cm":37738},"minecraft:killed_by":{"minecraft:creeper":1,"minecraft:spider":1,"minecraft:zombie":1}},"DataVersion":3465}