{"stats":{"minecraft:picked_up":{"minecraft:wooden_axe":4,"minecraft:iron_chestplate":5,"minecraft:crafting_table":7,"minecraft:wooden_pickaxe":3,"minecraft:shield":4,"minecraft:string":5,"minecraft:raw_copper":3,"minecraft:iron_leggings":2,"minecraft:beef":6,"minecraft:poppy":9,"minecraft:iron_pickaxe":2,"minecraft:light_gray_wool":1,"minecraft:melon_slice":64,"minecraft:chest":2,"minecraft:egg":3,"minecraft:stick":45,"minecraft:raw_iron":22,"minecraft:torch":31,"minecraft:acacia_log":30,"minecraft:pointed_dripstone":7,"minecraft:rotten_flesh":15,"minecraft:stone_sword":2,"minecraft:arrow":4,"minecraft:stone_shovel":2,"minecraft:deepslate_brick_stairs":1,"minecraft:mutton":35,"minecraft:obsidian":2,"minecraft:white_wool":6,"minecraft:cobblestone":165,"minecraft:pink_petals":1,"minecraft:feather":5,"minecraft:andesite":18,"minecraft:leather":6,"minecraft:tuff":6,"minecraft:oak_log":77,"minecraft:cobblestone_stairs":37,"minecraft:dirt":81,"minecraft:lantern":2,"minecraft:bone":1,"minecraft:bow":1,"minecraft:wheat_seeds":34,"minecraft:stone_pickaxe":4,"minecraft:iron_ingot":3,"minecraft:acacia_sapling":4,"minecraft:oak_planks":12,"minecraft:iron_sword":6,"minecraft:dandelion":7,"minecraft:dripstone_block":12,"minecraft:amethyst_shard":2,"minecraft:white_bed":14,"minecraft:spider_eye":5,"minecraft:stone_axe":4,"minecraft:emerald":10,"minecraft:bread":559,"minecraft:oak_sapling":5,"minecraft:coal":83},"minecraft:custom":{"minecraft:mob_kills":7,"minecraft:interact_with_crafting_table":24,"minecraft:open_barrel":7,"minecraft:leave_game":3,"minecraft:time_since_death":3771,"minecraft:climb_one_cm":8043,"minecraft:sprint_one_cm":295085,"minecraft:walk_one_cm":843222,"minecraft:damage_blocked_by_shield":210,"minecraft:drop":35,"minecraft:play_time":227745,"minecraft:deaths":11,"minecraft:sneak_time":722,"minecraft:walk_under_water_one_cm":12977,"minecraft:jump":1483,"minecraft:interact_with_brewingstand":1,"minecraft:interact_with_blast_furnace":1,"minecraft:walk_on_water_one_cm":15929,"minecraft:total_world_time":227745,"minecraft:interact_with_furnace":11,"minecraft:interact_with_grindstone":1,"minecraft:sleep_in_bed":9,"minecraft:time_since_rest":2218,"minecraft:damage_taken":4401,"minecraft:damage_dealt":2459,"minecraft:interact_with_beacon":1,"minecraft:swim_one_cm":3999,"minecraft:fly_one_cm":580395,"minecraft:open_chest":41,"minecraft:crouch_one_cm":147,"minecraft:interact_with_smoker":1,"minecraft:fall_one_cm":64856},"minecraft:mined":{"minecraft:tuff":4,"minecraft:white_bed":3,"minecraft:cobblestone_stairs":12,"minecraft:acacia_log":31,"minecraft:grass_block":28,"minecraft:iron_ore":8,"minecraft:andesite":4,"minecraft:pointed_dripstone":3,"minecraft:dirt_path":2,"minecraft:stone":99,"minecraft:white_wool":2,"minecraft:acacia_leaves":5,"minecraft:dandelion":6,"minecraft:crafting_table":3,"minecraft:torch":3,"minecraft:poppy":8,"minecraft:chest":1,"minecraft:tall_grass":9,"minecraft:cobblestone":14,"minecraft:wall_torch":18,"minecraft:grass":63,"minecraft:oak_log":42,"minecraft:coal_ore":16,"minecraft:gravel":1,"minecraft:dirt":18,"minecraft:oak_leaves":12},"minecraft:dropped":{"minecraft:iron_ingot":1,"minecraft:iron_sword":2,"minecraft:wheat_seeds":9,"minecraft:oak_log":2,"minecraft:dark_oak_slab":1,"minecraft:leather":2,"minecraft:stick":1,"minecraft:deepslate_tile_stairs":1,"minecraft:deepslate_brick_stairs":2,"minecraft:dark_oak_log":1,"minecraft:pearlescent_froglight":1,"minecraft:amethyst_shard":2,"minecraft:iron_pickaxe":1,"minecraft:dandelion":1,"minecraft:obsidian":1,"minecraft:rotten_flesh":2,"minecraft:white_bed":1,"minecraft:deepslate_bricks":1,"minecraft:iron_chestplate":1,"minecraft:chest":1,"minecraft:barrel":1},"minecraft:broken":{"minecraft:stone_pickaxe":1},"minecraft:killed":{"minecraft:spider":1,"minecraft:sheep":2,"minecraft:zombie":3,"minecraft:cow":1},"minecraft:killed_by":{"minecraft:zombie_villager":1,"minecraft:creeper":2,"minecraft:spider":1,"minecraft:skeleton":1,"minecraft:zombie":2},"minecraft:used":{"minecraft:cherry_sapling":6,"minecraft:stone_sword":15,"minecraft:stone_shovel":32,"minecraft:poppy":8,"minecraft:ladder":28,"minecraft:black_carpet":10,"minecraft:chest":5,"minecraft:shield":5,"minecraft:tinted_glass":13,"minecraft:ender_chest":25,"minecraft:iron_sword":63,"minecraft:creeper_head":2,"minecraft:torch":7,"minecraft:dirt":11,"minecraft:white_carpet":1,"minecraft:nether_brick_slab":6,"minecraft:glow_lichen":18,"minecraft:dark_oak_planks":9,"minecraft:wooden_axe":5,"minecraft:black_stained_glass_pane":6,"minecraft:lantern":19,"minecraft:grass_block":150,"minecraft:dark_oak_slab":179,"minecraft:cherry_leaves":6,"minecraft:crimson_planks":21,"minecraft:barrel":11,"minecraft:infested_mossy_stone_bricks":7,"minecraft:black_stained_glass":11,"minecraft:oak_sapling":3,"minecraft:deepslate_tile_stairs":40,"minecraft:pearlescent_froglight":38,"minecraft:dragon_head":4,"minecraft:cherry_log":75,"minecraft:crimson_hanging_sign":1,"minecraft:mangrove_leaves":231,"minecraft:deepslate_brick_wall":17,"minecraft:cobblestone_stairs":10,"minecraft:stone_pickaxe":113,"minecraft:wooden_pickaxe":17,"minecraft:beacon":2,"minecraft:deepslate_bricks":192,"minecraft:oak_leaves":18,"minecraft:vine":57,"minecraft:crafting_table":2,"minecraft:white_bed":3,"minecraft:piglin_head":1,"minecraft:deepslate_brick_stairs":49,"minecraft:purple_stained_glass":24,"minecraft:deepslate_tile_wall":27,"minecraft:deepslate_tiles":882,"minecraft:oak_log":2,"minecraft:amethyst_cluster":25,"minecraft:apple":4,"minecraft:dark_oak_log":1,"minecraft:bread":17,"minecraft:iron_pickaxe":54,"minecraft:spore_blossom":8,"minecraft:flowering_azalea_leaves":73,"minecraft:soul_lantern":6,"minecraft:stone_axe":55,"minecraft:pink_petals":149,"minecraft:cobblestone":17,"minecraft:white_stained_glass":20,"minecraft:andesite":2,"minecraft:chain":3,"minecraft:dandelion":5,"minecraft:bone_meal":21,"minecraft:soul_torch":1,"minecraft:cobweb":10},"minecraft:crafted":{"minecraft:oak_planks":56,"minecraft:stone_shovel":1,"minecraft:stone_pickaxe":1,"minecraft:chest":1,"minecraft:wooden_pickaxe":1,"minecraft:stone_axe":1,"minecraft:air":0,"minecraft:shield":1,"minecraft:stick":12,"minecraft:iron_ingot":4,"minecraft:iron_pickaxe":1,"minecraft:stone_sword":1,"minecraft:torch":4}},"DataVersion":3465}