{"stats":{"minecraft:picked_up":{"minecraft:stick":2,"minecraft:oak_log":12,"minecraft:dirt":3},"minecraft:custom":{"minecraft:time_since_rest":35322,"minecraft:crouch_one_cm":127,"minecraft:play_time":35322,"minecraft:sprint_one_cm":8358,"minecraft:walk_one_cm":109133,"minecraft:sneak_time":148,"minecraft:jump":63,"minecraft:damage_dealt":70,"minecraft:time_since_death":35322,"minecraft:total_world_time":35322,"minecraft:fall_one_cm":1430,"minecraft:fly_one_cm":75178},"minecraft:mined":{"minecraft:grass":1,"minecraft:grass_block":3,"minecraft:oak_log":12},"minecraft:used":{"minecraft:deepslate_bricks":49,"minecraft:deepslate_tiles":877,"minecraft:soul_lantern":4,"minecraft:dirt":1,"minecraft:infested_mossy_stone_bricks":7,"minecraft:vine":56,"minecraft:dark_oak_log":1,"minecraft:black_stained_glass_pane":6,"minecraft:deepslate_tile_stairs":31,"minecraft:chain":3,"minecraft:pearlescent_froglight":18,"minecraft:creeper_head":2,"minecraft:dragon_head":4,"minecraft:piglin_head":1,"minecraft:cherry_log":74,"minecraft:soul_torch":1,"minecraft:crimson_hanging_sign":1,"minecraft:crimson_planks":21,"minecraft:deepslate_brick_wall":17}},"DataVersion":3465}