{"stats":{"minecraft:mined":{"minecraft:grass":1,"minecraft:grass_block":3,"minecraft:oak_log":12},"minecraft:picked_up":{"minecraft:stick":3,"minecraft:amethyst_shard":2,"minecraft:oak_log":12,"minecraft:dirt":3},"minecraft:used":{"minecraft:deepslate_tiles":878,"minecraft:deepslate_brick_wall":17,"minecraft:purple_stained_glass":24,"minecraft:amethyst_cluster":25,"minecraft:cherry_sapling":4,"minecraft:dark_oak_log":1,"minecraft:black_stained_glass_pane":6,"minecraft:lantern":17,"minecraft:grass_block":5,"minecraft:black_carpet":10,"minecraft:tinted_glass":13,"minecraft:creeper_head":2,"minecraft:beacon":2,"minecraft:crimson_planks":21,"minecraft:flowering_azalea_leaves":2,"minecraft:deepslate_bricks":122,"minecraft:soul_lantern":6,"minecraft:oak_leaves":18,"minecraft:dirt":1,"minecraft:infested_mossy_stone_bricks":7,"minecraft:vine":57,"minecraft:black_stained_glass":11,"minecraft:white_carpet":1,"minecraft:deepslate_tile_stairs":33,"minecraft:white_stained_glass":20,"minecraft:chain":3,"minecraft:pearlescent_froglight":29,"minecraft:glow_lichen":18,"minecraft:dragon_head":4,"minecraft:piglin_head":1,"minecraft:cherry_log":75,"minecraft:bone_meal":18,"minecraft:mangrove_leaves":184,"minecraft:soul_torch":1,"minecraft:crimson_hanging_sign":1,"minecraft:deepslate_tile_wall":27},"minecraft:custom":{"minecraft:time_since_rest":65192,"minecraft:sprint_one_cm":13201,"minecraft:walk_one_cm":212741,"minecraft:damage_dealt":120,"minecraft:interact_with_beacon":1,"minecraft:fly_one_cm":170701,"minecraft:crouch_one_cm":127,"minecraft:play_time":65192,"minecraft:sneak_time":230,"minecraft:jump":119,"minecraft:leave_game":1,"minecraft:time_since_death":65192,"minecraft:total_world_time":65192,"minecraft:fall_one_cm":1430}},"DataVersion":3465}