{"stats":{"minecraft:killed":{"minecraft:salmon":2},"minecraft:picked_up":{"minecraft:salmon":2},"minecraft:custom":{"minecraft:jump":15,"minecraft:time_since_rest":5763,"minecraft:damage_dealt":70,"minecraft:crouch_one_cm":64,"minecraft:walk_on_water_one_cm":1871,"minecraft:sprint_one_cm":19301,"minecraft:play_time":5763,"minecraft:damage_taken":20,"minecraft:time_since_death":5763,"minecraft:walk_one_cm":7023,"minecraft:sneak_time":8,"minecraft:total_world_time":5763,"minecraft:walk_under_water_one_cm":4472,"minecraft:mob_kills":2,"minecraft:swim_one_cm":3972,"minecraft:fall_one_cm":1620,"minecraft:fly_one_cm":2369}},"DataVersion":3465}