{"stats":{"minecraft:dropped":{"minecraft:wheat_seeds":1},"minecraft:mined":{"minecraft:hay_block":4,"minecraft:white_bed":2,"minecraft:torch":4,"minecraft:crafting_table":1,"minecraft:grass":6,"minecraft:stripped_oak_log":4,"minecraft:wall_torch":1},"minecraft:crafted":{"minecraft:oak_planks":16,"minecraft:crafting_table":1,"minecraft:stick":8,"minecraft:iron_pickaxe":1,"minecraft:wooden_axe":1,"minecraft:iron_sword":1},"minecraft:killed":{"minecraft:sheep":2,"minecraft:zombie":1,"minecraft:chicken":3,"minecraft:salmon":2,"minecraft:spider":1,"minecraft:iron_golem":1,"minecraft:cow":2},"minecraft:picked_up":{"minecraft:stripped_oak_log":4,"minecraft:crafting_table":1,"minecraft:feather":7,"minecraft:chicken":3,"minecraft:salmon":3,"minecraft:leather":1,"minecraft:torch":5,"minecraft:white_bed":3,"minecraft:spider_eye":1,"minecraft:rotten_flesh":1,"minecraft:wheat_seeds":1,"minecraft:hay_block":4,"minecraft:beef":4,"minecraft:iron_ingot":10,"minecraft:bread":64,"minecraft:mutton":2,"minecraft:white_wool":2,"minecraft:egg":2},"minecraft:killed_by":{"minecraft:skeleton":1},"minecraft:custom":{"minecraft:time_since_rest":7784,"minecraft:sprint_one_cm":92318,"minecraft:damage_taken":450,"minecraft:walk_one_cm":54056,"minecraft:mob_kills":12,"minecraft:drop":1,"minecraft:damage_dealt":1934,"minecraft:talked_to_villager":1,"minecraft:swim_one_cm":3972,"minecraft:interact_with_crafting_table":2,"minecraft:fly_one_cm":14223,"minecraft:open_chest":2,"minecraft:crouch_one_cm":64,"minecraft:play_time":17763,"minecraft:deaths":1,"minecraft:sneak_time":8,"minecraft:walk_under_water_one_cm":4472,"minecraft:jump":160,"minecraft:walk_on_water_one_cm":1943,"minecraft:time_since_death":7745,"minecraft:sleep_in_bed":1,"minecraft:total_world_time":17763,"minecraft:fall_one_cm":8201},"minecraft:used":{"minecraft:wooden_axe":1,"minecraft:chicken":3,"minecraft:bread":3,"minecraft:iron_sword":12,"minecraft:rotten_flesh":1,"minecraft:salmon":2,"minecraft:mutton":1,"minecraft:hay_block":4,"minecraft:crafting_table":1,"minecraft:white_bed":1,"minecraft:egg":2}},"DataVersion":3465}