{"stats":{"minecraft:dropped":{"minecraft:iron_ingot":1,"minecraft:wheat_seeds":1,"minecraft:white_bed":1,"minecraft:poppy":1,"minecraft:dandelion":1},"minecraft:mined":{"minecraft:white_bed":2,"minecraft:dandelion":1,"minecraft:crafting_table":2,"minecraft:torch":4,"minecraft:poppy":1,"minecraft:wall_torch":1,"minecraft:hay_block":4,"minecraft:iron_ore":3,"minecraft:grass":12,"minecraft:dirt":3,"minecraft:stripped_oak_log":4,"minecraft:stone":6},"minecraft:crafted":{"minecraft:oak_planks":24,"minecraft:crafting_table":1,"minecraft:iron_sword":1,"minecraft:furnace":1,"minecraft:stick":8,"minecraft:iron_ingot":3,"minecraft:iron_pickaxe":1,"minecraft:wooden_axe":1},"minecraft:killed":{"minecraft:salmon":2,"minecraft:spider":1,"minecraft:iron_golem":1,"minecraft:sheep":5,"minecraft:zombie":2,"minecraft:chicken":3,"minecraft:cow":2},"minecraft:picked_up":{"minecraft:wooden_axe":1,"minecraft:stripped_oak_log":4,"minecraft:crafting_table":3,"minecraft:feather":7,"minecraft:chicken":3,"minecraft:salmon":3,"minecraft:leather":2,"minecraft:oak_log":2,"minecraft:gunpowder":2,"minecraft:dirt":20,"minecraft:string":1,"minecraft:wheat_seeds":3,"minecraft:iron_ingot":10,"minecraft:beef":4,"minecraft:poppy":1,"minecraft:iron_pickaxe":1,"minecraft:light_gray_wool":1,"minecraft:iron_sword":1,"minecraft:egg":3,"minecraft:stick":3,"minecraft:raw_iron":4,"minecraft:torch":10,"minecraft:dandelion":1,"minecraft:white_bed":4,"minecraft:spider_eye":2,"minecraft:rotten_flesh":3,"minecraft:hay_block":4,"minecraft:bread":125,"minecraft:mutton":9,"minecraft:coal":1,"minecraft:white_wool":4,"minecraft:cobblestone":17},"minecraft:killed_by":{"minecraft:skeleton":1,"minecraft:creeper":1,"minecraft:zombie":1},"minecraft:custom":{"minecraft:interact_with_furnace":1,"minecraft:mob_kills":17,"minecraft:interact_with_crafting_table":6,"minecraft:time_since_death":33,"minecraft:sleep_in_bed":1,"minecraft:time_since_rest":55,"minecraft:sprint_one_cm":154362,"minecraft:damage_taken":1525,"minecraft:walk_one_cm":105093,"minecraft:drop":5,"minecraft:damage_dealt":2305,"minecraft:swim_one_cm":3972,"minecraft:talked_to_villager":1,"minecraft:fly_one_cm":24562,"minecraft:open_chest":2,"minecraft:crouch_one_cm":3756,"minecraft:play_time":29763,"minecraft:deaths":4,"minecraft:sneak_time":1041,"minecraft:walk_under_water_one_cm":4472,"minecraft:jump":260,"minecraft:walk_on_water_one_cm":3193,"minecraft:total_world_time":29763,"minecraft:fall_one_cm":17459},"minecraft:used":{"minecraft:iron_sword":15,"minecraft:rotten_flesh":1,"minecraft:salmon":2,"minecraft:white_wool":1,"minecraft:mutton":3,"minecraft:crafting_table":2,"minecraft:white_bed":1,"minecraft:wooden_axe":2,"minecraft:chicken":3,"minecraft:bread":5,"minecraft:iron_pickaxe":10,"minecraft:cobblestone":2,"minecraft:hay_block":4,"minecraft:furnace":1,"minecraft:egg":3}},"DataVersion":3465}