{
  "minecraft:recipes/misc/pink_dye_from_pink_petals": {
    "criteria": {
      "has_pink_petals": "2024-11-10 19:55:14 +0000"
    },
    "done": true
  },
  "minecraft:recipes/decorations/crafting_table": {
    "criteria": {
      "unlock_right_away": "2024-11-10 19:42:18 +0000"
    },
    "done": true
  },
  "minecraft:adventure/adventuring_time": {
    "criteria": {
      "minecraft:cherry_grove": "2024-11-10 19:50:40 +0000",
      "minecraft:bamboo_jungle": "2024-11-10 19:48:24 +0000",
      "minecraft:beach": "2024-11-10 19:46:10 +0000",
      "minecraft:sparse_jungle": "2024-11-10 19:43:21 +0000",
      "minecraft:river": "2024-11-10 19:43:01 +0000",
      "minecraft:forest": "2024-11-10 19:45:12 +0000",
      "minecraft:desert": "2024-11-10 19:48:28 +0000",
      "minecraft:jungle": "2024-11-10 19:47:31 +0000",
      "minecraft:savanna": "2024-11-10 19:45:51 +0000",
      "minecraft:plains": "2024-11-10 19:42:19 +0000"
    },
    "done": false
  },
  "DataVersion": 3465
}