{
  "minecraft:recipes/decorations/crafting_table": {
    "criteria": {
      "unlock_right_away": "2024-11-10 19:42:18 +0000"
    },
    "done": true
  },
  "minecraft:adventure/adventuring_time": {
    "criteria": {
      "minecraft:beach": "2024-11-10 19:46:10 +0000",
      "minecraft:sparse_jungle": "2024-11-10 19:43:21 +0000",
      "minecraft:river": "2024-11-10 19:43:01 +0000",
      "minecraft:forest": "2024-11-10 19:45:12 +0000",
      "minecraft:savanna": "2024-11-10 19:45:51 +0000",
      "minecraft:plains": "2024-11-10 19:42:19 +0000"
    },
    "done": false
  },
  "DataVersion": 3465
}